60682|Artemple - Hollywood
435|Di Bonaventura Pictures
74194|Henan Film & TV Production Group Henan Film Studio
5888|Walt Disney
71220|Télé Monté Carlo (TMC)
20153|Film 44
9383|Blue Sky Studios
7766|Chaocorp
19834|Inside Track Films
8831|Mad Max Films
65670|Am Psycho Productions
41624|RatPac-Dune Entertainment
11092|Ram Bergman Productions
20006|Harry Potter Publishing Rights
34446|I Remember Productions
346|VideoFilmes
12231|Sententia Entertainment
51199|Munich Film Partners & Company (MFP) MI2 Productions
8873|Handsomecharlie Films
335|Tig Productions
46060|Bill/Phillips
746|MTV Films
11349|Bourne Again
11233|The Big Gun Project
2598|Hasbro
53060|David Dobkin Productions
2951|Les Films du Kiosque
70993|Ehman Productions
27|DreamWorks SKG
979|Woods Entertainment
52184|Volcano Films
50164|Fabrique d'images
11341|Stage 6 Films
7734|Subterranean Productions LLC
75838|Goldcrest
72595|Institut Français
69484|Alibaba Pictures Group
26976|Deutsche Columbia Pictures Film Produktion
69847|Duperele Films
10908|Phoenix Film Partners
72596|L'Aide aux Cinémas du Monde
1757|Mad Chance
23653|Vortex/Henkel/Hooper
4764|Cinema 84
11667|Northern Ireland Screen
7745|Euro Film Funding
1938|Scholastic Productions
33603|ShivHans Pictures
8406|Big Kid Pictures
12541|Q-Tec
2092|Mike Zoss Productions
1107|Seven Pictures
12026|Gold Circle Films
83|France 2 Cinéma
365|Nelson Entertainment
19108|Latina Pictures
18990|Radiant Productions
34036|JHF Productions
450|Anarchos Productions
11005|AR Films
12387|Tohokushinsha Film
3169|Zide-Perry Productions
266|Agencja Produkcji Filmowej
57031|Allspark Pictures
23993|Point Blank Productions
2927|Fidélité Films
57409|22 & Indiana Pictures
11761|Mark Canton Productions
2251|Sony Pictures Animation
2912|Diamond Films
11049|Caliber Media Company
8263|EMI Films
14638|Forest Whitaker's Significant Productions
1280|Pacific Western
59|A Band Apart
7110|Les Films Ariane
711|Fox 2000 Pictures
13403|Straight Up Films
26162|Blue Sky Studios
11561|Recorded Picture Company (RPC)
2812|Lion Rock Productions
20580|Amazon Studios
19107|Helena Productions
18713|Prana Studios
401|Brandywine Productions Ltd.
1504|Cinergi Pictures Entertainment
2630|Majestic Films International
44|Cruise/Wagner Productions
32157|Right of Way Films
19246|Faliro House Productions
11865|Twentieth Century-Fox Productions
10146|Focus Features
4888|M6 Studio
20634|Bedford Falls Company, The
19092|P of A Productions Limited
1880|Zentropa Productions
44783|Smart Entertainment
27467|Team Downey
3263|Odd Lot Entertainment
1742|Les Films 13
7294|Reliance Entertainment
14440|Red Wagon Entertainment
924|The Turman-Morrissey Company
7571|LionsGate
508|Regency Enterprises
850|Eurimages
8018|Ten Films
7254|Greek Film Center
1649|Reforma Films
2995|Atmosphere Entertainment MM
11358|Little Bird
778|Las Producciones del Escorpion
10308|Dino De Laurentiis Company
11308|Savoy Pictures
8530|Televisió de Catalunya (TV3)
38145|Bristol Automotive
6901|Prescience
31375|Evergreen Media Group
3281|GK Films
12|New Line Cinema
669|Reposado Producciones
10947|ARD Degeto Film
35|Lions Gate Films
9066|Climax Films
5420|Color Force
48772|Hard Eight Pictures
53169|Goldrush Entertainment
11231|Fox Animation Studios
10255|Voltage Pictures
2200|Liveplanet
10954|Globo filmes
12408|Panda Productions Inc.
2345|Lemming Film
1607|Gold/Miller Productions
562|Appian Way
32|Buena Vista
12178|Red Hour Films
817|Katalyst Films
432|Branded Entertainment/Batfilm Productions
11858|A&E Television Networks
28121|H2S2 Filmproduktionsgesellschaft
506|Newmarket Capital Group
326|Laura Ziskin Productions
574|Lightstorm Entertainment
28438|Riche-Ludwig Productions
4205|Groundswell Productions
2691|Infinitum Nihil
11232|Fox Family Films
5388|Sony Pictures Home Entertainment
260|Heritage Films
3334|Adam Fields Productions
7413|3Foot7
80|The Zanuck Company
7981|Pathé
11337|Motel Movies
491|Summit Entertainment
54051|Atman Entertainment
46381|Essential Entertainment
284|DNA Films
14718|Radar Pictures
21904|Mill Film
34441|Littlestar
8532|1984 Private Defense Contractors
52924|Sly Predator
21498|Internationale Filmproduktion Eagle
13778|Bluegrass Films
748|Mosaic Media Group
53048|Inside Track 2
10567|Mutant Enemy Productions
18367|Centre National de la Cinématographie (CNC)
5051|Faso Film
72599|Protagonist Films
7380|Initial Entertainment Group (IEG)
11736|El Deseo S.A.
286|Fantasy Films
5611|Milk & Honey
4867|Full Moon Entertainment
40822|Fipex Holding
60|United Artists
12193|Left Tackle Pictures
6363|BenderSpink
1088|Alcon Entertainment
6733|Reliance BIG Entertainment
23921|Circle of Confusion
4194|Karz Entertainment
8981|Conquering Lion Pictures
11843|Goldcrest Pictures
43808|RLJ Entertainment
10163|Working Title Films
796|Pan Européenne Production
19835|Charenton Productions Limited
14862|Washington Square Films
436|1492 Pictures
14714|China Film Group Corporation (CFGC)
34557|Taikei Office
7177|Item 7
3573|Celador Films
73539|Copenhagen Film Fund
8769|Art Linson Productions
34456|Rooks Nest Entertainment
5755|Constantin Film Produktion
42498|Arturo González Producciones Cinematográficas S.A.
2481|Platinum Dunes
7584|Screen Australia
787|3 Arts Entertainment
860|Celluloid Dreams
49152|PalmStar Media
7470|Esperanto Filmoj
7076|Chernin Entertainment
14604|Spectrum Films
4220|Management 360
18209|Alpha Core
7312|Carousel Productions (II)
5056|Head Gear Films
975|Gerber Pictures
7636|Nimar Studios
7364|Heyday Films
11849|Lawson
81|Plan B Entertainment
2622|Ciné Sud Promotion
23333|Sola Digital Arts
2094|Majestic Filmproduktion
31898|Warner Bros. Pictures International
33802|Out Of The Box Feature
3528|Thunder Road Pictures
3672|Gotham Group
13480|Haishang Films
2061|Twisted Pictures
26030|Government of the Commonwealth of the Bahamas
47479|Ground Control
58322|TSBD Productions
2073|Kadokawa Pictures
185|Pandora Cinema
6538|Antena 3 Films
17032|Barry Mendel Productions
10201|Interscope Communications
2785|Warner Bros. Animation
1838|Firm Films
662|Turman-Foster Company
306|Twentieth Century Fox Film Corporation
8854|Many Rivers Productions
31824|Malavita
49968|Will Packer Productions
7392|Twentieth Century Fox
11921|Le Tax Shelter du Gouvernement Fédéral de Belgique
130|Jerry Bruckheimer Films
23735|Mann Made Films
59488|Cinema Seven Productions
46961|Knightsbridge Entertainment
12485|Overbrook Entertainment
24970|Obelisk Productions
11317|Phoenix Pictures
10405|Emmett/Furla Films
10289|DMG Entertainment
22949|Paradise/MGN
784|Himenóptero
2514|Alliance Films
55497|Sobras International Pictures
34307|Pandastorm Pictures
73538|ReVision Pictures
2650|Ealing Studios
3341|Fuji Television Network
43910|South Side Amusement Company
46339|Beagle Pug Films
367|Kemp Company
67778|Tri Vision Pictures
12067|Kumar Mobiliengesellschaft mbH & Co. Projekt Nr. 1 KG
829|Vertigo Entertainment
1785|Likely Story
46507|Peach Trees
22948|Feelgood Entertainment
57421|Grosvenor Park Impact Productions
15357|Prime Focus
54502|Mel's Cite du Cinema
65517|La Chouve
19621|Dreams of Dragon Picture
28361|BSM Studio
6950|Pegasus Motion Pictures
20343|Film Capital Europe Funds (FCEF )
67612|Grid Animation
18392|Monolith Films
2348|Nickelodeon Movies
20154|Mad Hatter Entertainment
462|Patalex IV Productions Limited
11962|Crossroads
60323|Unigram
35050|Sil-Metropole Organisation Ltd.
41077|A24
923|Legendary Pictures
347|Centropolis Entertainment
7383|Kennedy/Marshall Company, The
10441|The Bureau
6100|Achte Babelsberg Film
19647|Monolith Pictures (III)
35304|Blue Tulip Productions
283|Notting Hill Pictures
63571|Enelmar Productions, A.I.E.
160|Pit Bull Productions
1824|Gravier Productions
12292|Temple Hill Entertainment
691|Cappa Productions
592|Claudie Ossard Productions
12520|Laokoon Filmgroup
7062|Dynamo
41051|Into the Wild
5752|Sony Pictures Entertainment
75821|Artpig Studios
36390|3 Arts Entertainment
18919|Follow Through Productions
10039|Anonymous Content
4364|Watermark
61933|Londinium Films
7405|Dimension Films
10280|Arc Productions
11323|Linovo Productions GmbH & Co. KG
68|Big Primate Pictures
7588|World Wrestling Entertainment (WWE)
8403|Bandito Brothers
4|Paramount Pictures
1156|Conundrum Entertainment
158|Spyglass Entertainment
42119|Vast Entertainment
34982|Mythology Entertainment (II)
19777|Millbrook Farm Productions
6831|Big Indie Pictures
11773|Artémis Productions
10462|WT2 Productions
19477|Dune Films
88|Hawk Films
75681|Krian Media
433|Weed Road Pictures
882|Toho Company
925|Nu Image Films
9974|Instituto de la Cinematografía y de las Artes Audiovisuales (ICAA)
62265|Glass Man Films
9195|Touchstone Pictures
1557|The Mark Gordon Company
49969|Silver State Production Services
73537|Kvinde Films
38833|Ian Bryce Productions
666|Newmarket Productions
7576|Eon Productions
26492|Jet Tone Films
42421|Rocklin / Faust
67777|Mass Hysteria Entertainment
682|Peninsula Films
12087|Angry Films
1992|La Petite Reine
11061|Motion Picture Corporation of America (MPCA)
74208|Lotus Entertainment (I)
3475|Walt Disney Television Animation
6301|CinéCinéma
68506|Gold Star Films
50914|Tri-State Pictures
4247|Filmförderungsanstalt (FFA)
10285|LD Entertainment
6735|Participant Media
27897|Filmstiftung Nordrhein-Westfalen
6667|Mandalay Vision
47565|Black Rhino Productions
39649|Huayi Brothers Media
308|The Weinstein Company
23201|Be Gentlemen Limited Partnership
3166|Walt Disney Productions
22884|The Film Farm
41756|GH Three
22182|KC Medien
19507|Outlaw Productions (I)
449|Virtual Studios
11805|Jumper Productions
443|Big Talk Productions
73685|Emmett Furla Oasis Films (EFO Films)
564|Industrial Development Corporation of South Africa
6818|Visiona Romantica
34035|33andOut Productions
1145|Belga Films
6127|Metro-Goldwyn-Mayer Pictures
6715|K5 International
8083|Film Rites
11429|Hit & Run Productions
34|Sony Pictures
2242|Everyman Pictures
430|Lonely Film Productions GmbH & Co. KG.
770|Kingsgate Films
70879|Ten10 Films
12006|Goldmann Pictures
333|Original Film
915|Hollywood Pictures
696|Rogue Marble
7503|Protozoa Pictures
11083|Media Asia Group
2752|DENTSU Music And Entertainment
24137|DOS
47|Constantin Film
27711|Berlanti Productions
7297|Fairview Entertainment
47729|STX Entertainment
18921|Pam Williams Productions
467|Renaissance Pictures
51190|Internationale Filmproduktion Blackswan
10884|The Department of Trade and Industry of South Africa
36212|Boies / Schiller Film Group
34725|Moho Film
8852|Virgin Produced
13816|Hyde Park Entertainment
1038|Bazelevs Production
2452|UK Film Council
649|Sony
4909|Alcina Pictures
16314|Roth Films
2214|Flower Films
11348|Motion Picture BETA Produktionsgesellschaft
635|Les Films Alain Sarde
104|Canal Plus
1208|Rising Star
26995|Animal Kingdom
282|Bookshop Productions
23614|All Pictures Media
24049|Sierra / Affinity
32542|Starburns Industries
5490|CBS Films
23019|Evolution Entertainment
3604|Grindstone Entertainment Group
5263|Amercent Films
55257|Maple Leaf Films
19747|Brandywine Productions
18309|Institut Valenciã de Cinematografia (IVAC)
17929|Vincent Newman Entertainment
48188|Transfilm
172|NPV Entertainment
48189|National Bank of Canada TV and Motion Picture Group
4286|Juno Pix
4434|Green Moon Productions
11080|Cloud Atlas Productions
12141|Pt. Merantau Films
7733|Laurinfilm
5358|Canal+
19631|Truth Entertainment
5627|Media Magik Entertainment
10950|Screen Queensland
371|Cecchi Gori Group Tiger Cinematografica
463|Michael White Productions
11448|Exclusive Media Group
4054|Mandarin Films Distribution Co.
53334|Archimede
66327|Hachiko
12236|Blinding Edge Pictures
16313|Open Road Films (II)
2885|Starz Animation
49389|Broad Green Pictures
48185|Expatriate Films
598|Team Todd
59778|A113
2395|HanWay Films
7154|One Race Films
22868|Cuatro Plus Films
14359|Scott Pictures
14861|Before the Door Pictures
25120|Warner Animation Group
33707|Institute for Adult Education
26387|LOVEFiLM International
58445|IamOTHER Entertainment
8087|Creative Scotland
164|Rhombus Media
465|Twickenham Film Studios
20664|Anton Capital Entertainment (ACE)
7036|CJ Entertainment
19936|Second Mate Productions
10282|Silver Screen Partners IV
14319|Sycamore Pictures
18880|Showtime Networks
12005|Yucaipa Films
53638|Ollin Studio
3287|Screen Gems
63924|Broken Chair Flickz
75043|Transpalux
280|Cinémaginaire Inc.
45785|Northmen Productions
47706|Allison Shearmur Productions
20241|Crystal Sky Pictures
10611|Ciné+
20667|District 9
15433|Orange Studios
23419|MavroCine Pictures GmbH & Co. KG
19037|Umedia
7038|Quad Productions
297|Aardman Animations
37381|Blind Wink Productions
827|VIP 3 Medienfonds
7738|Sketch Films
2363|Cold Spring Pictures
325|Marvel Entertainment, LLC
38831|Tom DeSanto/Don Murphy Production
12234|Chambara Pictures
6510|Defender Films
36209|OddLot Entertainment
434|3 Art Entertainment
8531|Versátil Cinema
549|Swanford Films
35315|Pegasus Taihe Entertainment
21838|Distant Corners Entertainment Group Inc.
51860|AI-Film
416|Python (Monty) Pictures Limited
23272|See Me Louisiana
32412|EM Design
240|Bazmark Films
7237|Tele München Fernseh Produktionsgesellschaft (TMG)
11152|Radical Media
53626|Loofah Productions
10138|Double Nickel Entertainment
2723|Lin Pictures
862|The Kennedy/Marshall Company
33831|Oasis Films
552|Dark Horse Entertainment
2188|Artisan Entertainment
444|Dune Entertainment
11445|Hank Levine Film
8288|Zentropa International Sweden
52660|M Productions
20360|Internationale Filmproduktion Blackbird Erste
12676|Rekall Productions
43394|Adam Schroeder Productions
415|Laurence Mark Productions
55914|Konami
11440|Ozumi Films
69850|Entertainment One Features
2994|Hollywood Gang Productions
19579|Molinare Investment
7381|Alberto Grimaldi Productions
50481|Vendian Entertainment
29566|Atresmedia Cine
11486|Picturehouse Entertainment
23300|K/O Camera Toys
288|BBC Films
34396|Giant Pictures
69656|Brucks Entertainment
11458|Julia Phillips and Michael Phillips Productions
42209|Peter Frankfurt Productions
1236|Mandalay Entertainment
11846|Hakuhodo DY Media Partners
73493|MadRiver Pictures
16312|Crave Films
11726|The Yomiuri Shimbun
21122|SnowPiercer
856|Wild Bunch
19177|Red Granite Pictures
1632|Lionsgate
2787|Reel FX Creative Studios
705|Spring Creek Productions
41648|Freerunning
20788|Gulfstream Pictures
23202|Wigram Productions
31087|Runteam
45015|Juliette Films
25899|Artédis
33804|Kandor Graphics
10692|VH1 Television
5391|DisneyToon Studios
11273|Circle Films
2142|Trial by Fire Films
23644|2DUX²
23283|Rodin Entertainment
19638|Altitude Film Entertainment
29223|Ministero per i Beni e le Attività Culturali (MiBAC)
47354|5150 Action
22536|Solomon/Hackett Productions
23919|Sechzehnte Babelsberg Film
8253|Skylark Productions
67285|New Sparta Films
735|Waverly Films
441|Columbia Pictures Corporation
27451|Bluegrass Films
11350|Angel Studios
2269|China Film Co-Production Corporation
2875|Ikiru Films
421|Amen Ra Films
4267|Delphi Films
36326|VIP 2 Medienfonds
72725|QC Entertainment
7161|LivePlanet
15393|Wolfhound Pictures
4022|Wonderland Sound and Vision
20668|New Zealand Post Digital and Visual Effects Grant
23288|B23
54052|Knickerbocker Films
8906|Monkey Pack Films
14|Miramax Films
8856|Intermedia
4607|Montecito Picture Company, The
41640|Archer Gray
25121|MVL Incredible Productions
4253|Don Carmody Productions
23046|Internationale Scarena Filmproduktionsgesellschaft 2
29564|Telefónica Studios
12007|Rat Entertainment
7739|UW3 Film Productions
22123|TF1
15392|Blacklab Entertainment
59725|On Entertainment
10893|Big Screen Productions
6639|Televisión Española (TVE)
268|FilmFernsehFonds Bayern
17653|22h22
18521|Birka Holding
1533|Indigo Film
31826|Taleswapper
22119|Lennox House Films
10807|Troublemaker Studios
34401|Surf Film
342|Davis-Films
11661|Rysher Entertainment
20555|Taurus Film
30786|Blockade Entertainment
1508|Wildgaze Films
11082|Five Drops
12536|Kurtzman/Orci
26149|Kumar Mobiliengesellschaft mbH & Co. Projekt Nr. 3 KG
11084|Parkes/MacDonald Productions
372|Groucho II Film Partnership
11370|Michael De Luca Productions
2527|Marc Platt Productions
5374|Marv Films
8111|Apaches Entertainment
31832|Envision Entertainment
22127|uFund
437|Heyday films
6896|EuropaCorp
69434|B24
6586|TPS Star
7296|K/O Paper Products
7431|Sony Pictures Entertainment (SPE)
17031|Classico
271|Mainstream S.A.
19231|Patalex III Productions Limited
6817|Zehnte Babelsberg
2266|Bold Films
7740|UW4 Productions
908|Mystery Clock Cinema
33960|Le Tax Shelter du Gouvernement Fédéral de Belgique
12365|Brownstone Productions
53462|Matt Tolmach Productions
41299|Nintendo Co., Ltd.
11006|Aldamisa Entertainment
4403|Stuber Productions
20478|Moving Picture Company (MPC)
19233|120 Films
70994|Zadan / Meron Productions
66328|Opperman Viner Chrystyn Entertainment
10224|Museum Canada Productions
51523|Voltage Films
4357|The Guber-Peters Company
2300|Key Creatives
76|Zentropa Entertainments
12202|WV Films III
8569|Dayday Films
73079|Versus Pictures
21549|Notorious Films
31080|Polygram Filmed Entertainment
50819|Natant
2273|Eden Rock Media
28275|The Ink Factory
26663|Zoetrope Studios
7270|Opus Pictures
23449|American Empirical Pictures
23446|Sofica Sofinergie 5
7485|Fox International Productions
23200|Shelter Productions
1634|Truenorth Productions
34070|Nu Boyana Viburno
637|The Picture Factory
21439|Holleran Company
919|Beacon Communications
37380|Silver Bullet Productions (II)
1266|Octagon Films
21382|Mecanismo Films
399|Show East
18519|Acajou Films
445|Major Studio Partners
49325|Parkes+MacDonald Image Nation
52739|Two Flints
8875|Pretty Pictures
28788|Genre Films
11347|Ludlum Entertainment
54050|Linson Films
10212|Orion-Nova Productions
6194|Warner Bros.
12075|Silver Reel
12194|Zucker/Netter Productions
2700|Rectangle Productions
191|Senator Film Produktion
13920|Exclusive Films
31058|Wit Studio
29097|Stage 6 Films
737|Sidney Kimmel Entertainment
1865|Zanuck/Brown Productions
6292|Universal
5113|120dB Films
766|Blue Tulip Productions
11446|Lereby Productions
20938|Liberty Pictures
40107|Da Vinci Media Ventures
655|Strike Entertainment
54409|Survivor Productions
43|Fox Searchlight Pictures
1786|Dark Castle Entertainment
921|Next Wednesday Productions
1268|Focus Films
10221|Walden Media
19751|Indochina Productions
3112|Rodeo Drive
1423|Escape Artists
22573|20th Century Fox Film Corporation
32411|Kinema Circus
74192|Eketahuna LLC
21915|Televisión Federal (Telefe)
13444|Outlaw Sinema
2537|Kennedy Miller Productions
219|The Mirisch Corporation
11030|Envision Entertainment Corporation
29076|Solipsist Film
11068|Nostromo Pictures
28732|RatPac Entertainment
1246|River Road Entertainment
2053|Grosvenor Park Media Ltd.
28384|Ex3 Productions
9996|Syncopy
71265|Scarlet Films
12235|IFP Westcoast Erste
6332|Dune Entertainment III
5781|Production I.G
1075|Europa Corp
41658|Residaco
11801|Trigger Street Productions
36433|MJW Films
3200|Chartoff Productions
11522|National Geographic Entertainment
10427|Open Road Films
43376|Entertainment One
2243|Hammer & Tongs
355|R.P. Productions
1382|PolyGram Filmed Entertainment
9068|Kadokawa Shoten Publishing Co.
5264|American Entertainment Partners L.P.
3299|ApolloMovie Beteiligungs
26151|Disney Enterprises
1225|One Race Productions
1|Lucasfilm
3656|GAGA
19927|Government of Malta
10717|Shamley Productions
2203|Onyx Films
51164|Whitaker Entertainment
2366|Virtual Films
10958|Brad Grey Pictures
581|UGC
5754|Rat Pack Filmproduktion
11322|Justin Pictures
5850|Belvision
9078|Constantin Film.
2372|Unison Films
7|DreamWorks
2526|Kickstart Productions
17049|Two Ton Films
12379|Internationale Filmproduktion Stella-del-Sud Second
20448|U-Drive Productions
8205|INCAA
9194|Cannell Studios
32409|Orange Co. Ltd
1460|Loew's
58321|TSBD Louisiana
9325|Informant Media
51634|721 Productions
51305|Lagonda Films
19648|Radical Studios
12142|XYZ Films
779|Lucky Red
16670|Société Nouvelle de Cinématographie (SNC)
69485|Odin
373|Asymmetrical Productions
12139|Material Pictures
19116|IMF Internationale Medien und Film GmbH & Co. 3. Produktions KG
21213|Funny or Die
12200|Province of British Columbia Production Services Tax Credit
3324|British Broadcasting Corporation (BBC)
879|Out of the Blue... Entertainment
12032|Apulia Film Commission
6125|Walt Disney Animation Studios
5219|Sunswept Entertainment
67327|Splash Entertainment
2253|Lawrence Bender Productions
75052|House of Cool Studios
6734|Bay Films
14446|Infinite Frameworks Studios
13419|SKA Films
11250|Buckaroo Entertainment
19813|Flower Films (II)
258|Scott Rudin Productions
9169|Hemisphere Media Capital
17298|Centre National du Cinéma et de L'image Animée (CNC)
215|Double Feature Films
23791|Sean Bailey Productions
6877|Grive Productions
20242|Imhotep Productions
22695|Smokehouse Pictures
3527|Green Hat Films
20931|Alpha Productions
61791|Feigco Entertainment
11956|Apparatus Productions
8676|uFilm
72821|Dreams Salon Entertainment Culture
2029|Estudios Picasso
37336|Down Productions
31073|Slap Happy Productions (II)
11705|Los Hooligans Productions
368|Splendid Pictures
79|Village Roadshow Pictures
10067|Alloy Entertainment
17009|Universal 1440 Entertainment
10254|Millennium Films
23|Imagine Entertainment
27352|WV Films IV
21409|MFP Munich Film Partners GmbH & Company I. Produktions KG
10161|Gilbert Films
53339|Amer
53047|De Wolfe Music
26899|Orphée Arts
18520|Rebel Rebel
32999|D8
19828|Lonlink Productions
21381|micro_scope
11930|Kumar Mobiliengesellschaft mbH & Co. Projekt Nr. 2 KG
10881|Bernd Eichinger Productions
28200|Ninjas Runnin' Wild Productions
9341|Etalon film
6687|Viz Media
813|DiNovi Pictures
8851|Shawn Danielle Productions Ltd.
21497|Starlite Films
31787|Creativity Capital
1205|Endgame Entertainment
831|Saturn Films
6452|Dentsu
2674|Telecinco Cinema
1608|Wayans Bros. Entertainment
18230|Filmgate Films
14358|1821 Pictures
9168|Bad Hat Harry Productions
30666|RT Features
171|Malpaso Productions
16486|Parallel Film Productions
5870|Studio Canal
10102|Cattleya
34774|W9
6644|Lions Gate
17513|Film i Väst
71712|Après le Déluge
25716|Captivate Entertainment
36733|Film Art Media
57750|Twilight Productions
52925|Matt Baer Films
7956|Castelao Producciones
85|Konrad Pictures
27551|Michael De Luca Productions
33681|Black Label Media
611|Bryna Productions
5561|Panorama Films
11845|Wintergreen Productions
20416|Regione Lazio
636|Babbo Inc.
248|Impact Pictures
489|Dutch Oven
5585|Stephen J. Cannell Productions
7736|Underworld Produktions GmbH
218|Rafran Cinematografica
62693|RVK Studios
7295|Relativity Media
71171|The Shuman Company
159|Shady Acres Entertainment
50478|Windowseat Films
10227|Mandeville Films
28391|Antea Cinematografica
216|Jersey Films
8924|RabbitBandini Productions
597|Irish Dreamtime
53490|La Trini
12622|Darko Entertainment
972|Current Entertainment
53151|TriStar Productions
3353|Element Pictures
13242|Unanimous Pictures
1843|Grand Army Entertainment
8089|Animal Logic
56620|Texas Chainsaw Productions
36259|DefyNite Films
2116|VIP Medienfonds 4
21906|Dawliz
4792|Film Afrika Worldwide
551|Mandalay Pictures
1422|Killer Films
72597|Limp Films
18922|Windy Hill Pictures
7263|FilmDistrict
2608|Happy Madison Productions
10892|Everest Entertainment
6704|Illumination Entertainment
10210|Morgan Creek Productions
5444|Mod Producciones
25954|Metrol Technology
72822|Starbright Communications
14723|Carolco Pictures
269|Filmboard Berlin-Brandenburg (FBB)
2735|Mid Atlantic Films
24176|Furia de Titanes II, A.I.E.
41054|Casino Royale
52942|Loumolo & Co.
9349|Film4
57408|Mad Chance Productions
10889|British Film Council
39121|Super Cool ManChu
60658|Zippcast Films
30994|Union Générale Cinématographique (UGC)
6755|Nippon Television Network Corporation (NTV)
521|DreamWorks Animation
28431|TCF Vancouver Productions
7625|Automatik Entertainment
16804|France 3 Cinema
15829|Pacific Standard
47169|Le Grisbi Productions
11752|Number 9 Films
11321|Imaginary Forces
45980|SJ Heat Productions
1115|M6 Films
4508|Nederlands Fonds voor de Film
178|Ghoulardi Film Company
65394|Cecchi Gori Pictures
20783|Fiction Films
36616|Amusement Park Films
13|Universal Studios
40788|Wiedemann & Berg Television
18617|Energy Entertainment
2609|De Line Pictures
12010|Mediapro
5|Columbia Pictures
1653|Film House Bas Celik
24097|NeoReel
10905|Farewell Productions
4740|Gary Sanchez Productions
51524|Midnight Kitchen Productions
11847|Mitsubishi
6776|Teamworx
2655|Internationale Filmproduktion Richter
8601|Tim Burton Productions
208|Bac Films
4000|Maverick Films
3|Pixar Animation Studios
7460|Vendome Pictures
2683|Rai Cinema
69542|Ahimsa Films
18208|8:38 Productions
4171|Playtone
58085|DMC Films
464|National Film Trustee Company
53335|Gamenet
816|FilmEngine
20851|H2F Entertainment
28787|WideAwake
11749|Twentieth Century Fox Animation
657|Toho-Towa
53009|Miramax
73310|Fyzz Facility Film One, The
13855|Hugo Productions
32410|Creative Intelligence Arts
32299|Blue-Tongue Films
136|City Light Films
126|Lakeshore Entertainment
695|Lee Daniels Entertainment
8582|Canadian Film or Video Production Tax Credit (CPTC)
420|Marvel Studios
6|RKO Radio Pictures
23992|On the Road
11620|Orange Cinéma Séries
1073|Gordon Company
33803|Aliwood Mediterráneo Producciones
20363|Equity Pictures Medienfonds GmbH & Co. KG IV
24459|Fabula
16791|Newman/Tooley Films
31715|Gramercy Pictures (I)
753|Nouvelles Éditions de Films (NEF)
341|Silent Hill DCP Inc.
11844|Kaplan/Perrone Entertainment
53491|Generalitat Valenciana
5798|Shaw Brothers
1779|Tokuma Shoten
4021|The Halcyon Company
72598|Ministère des Affaires étrangères et du Développement International
18477|Les Films de la Boétie
18302|Entertainment Motion Pictures
152|Icon Productions
724|Beijing New Picture Film Co. Ltd.
13395|Panorama Media
9350|Indian Paintbrush
48788|Practical Pictures
10288|Don Simpson/Jerry Bruckheimer Films
7307|Medienboard Berlin-Brandenburg
6531|Parts and Labor
20476|Vengeance Productions Pty. Ltd.
6708|Cloud Eight Films
22213|TSG Entertainment
11200|Buena Vista Home Entertainment
32300|Lava Bear Films
177|Columbia TriStar
63368|Camp Grey Productions
10565|Good Machine
9995|Cruel & Unusual Films
356|TF1 Films Productions
60747|Mr. Smith Productions
34034|LStar Capital
71510|JD Prod
71170|The Cantillon Company
11234|Little Wolf Entertainment
31470|RGB Media
2|Walt Disney Pictures
375|Heineken Branded Entertainment
12540|Memory Tech
8000|Broken Road Productions
12199|Madhouse Entertainment
41649|Melbarken
10246|Cross Creek Pictures
1600|Craven-Maddalena Films
56|Amblin Entertainment
34397|Origo Film Group
838|Paramount Vantage
33|Universal Pictures
8714|Northern Lights Films
11652|Warner Bros. Pictures de España
35846|No Trace Camping
41|Orion Pictures
24138|MP Film Management
24136|Reperage
10342|Studio Ghibli
48785|Matinee Pictures
10256|Disruption Entertainment
2335|Film 4
8880|Winkler Films
11565|The Safran Company
73536|Senator Global Productions
2531|Media Rights Capital
26198|Dog Eat Dog Productions Inc.
27351|Matten Productions
41042|CityMation
2767|Mace Neufeld Productions
14175|Davis Films
11011|Fonds Eurimages du Conseil de l'Europe
431|Donners' Company
17393|Good Universe
12516|Nibariki
8504|Block / Hanson
18142|Dragonfly Entertainment
22826|Hasbro Studios
7340|C-2 Pictures
34890|Electronic Arts
11199|Scope Pictures
11567|Province of British Columbia Film Incentive BC
10104|New Regency Pictures
762|Mutual Film Company
13470|Inimitable Pictures
1976|Film Science
3250|Summit Entertainment, LLC
9335|Canal+ España
20475|GH One
11395|ImageMovers
9993|DC Entertainment
11238|Deutsche Filmförderfonds (DFFF)
32243|PeaPie Films
73046|Gerard Butler Alan Siegel Entertainment
812|Deuce Three Productions
19776|Prospect Park
11581|Misher Films
22102|The Fourth Production Company Film Group
22656|Don Carmody Productions
13241|Demarest Films
658|MI 3 Film
13769|Lynda Obst Productions
20192|Nippon Television Network (NTV)
11386|Finanzia San Marco
7419|Scion Films
33817|Yellow Bird
507|Atlas Entertainment
15465|Amasia Entertainment
6938|Iris productions
53337|Morato Pane & Idee
2528|Top Cow Productions
50163|Ulysses Filmproduktion
46506|Rena Film
5698|Oops Doughnuts Productions
43807|Mad Samurai Productions
6408|International Traders
9015|Worldview Entertainment
34558|Asahi Soft Drinks Company
19354|Mediastream Vierte Film GmbH & Co. Vermarktungs KG
2932|Red Hour Productions
12205|EDKO Film
31828|Avi Arad Productions
12409|Horticus UK
19355|Canlaws Productions
3982|Darkwoods Productions
8789|Fuzzy Door Productions
7293|DreamWorks Pictures
63369|Elevated Films
822|Happinet Pictures
40112|Pendle Mountain Productions
2780|Cube Vision
7309|Aegis Film Fund
48191|Informant Europe SPRL
10262|Blind Wink
23008|87Eleven
1645|Scott Free Productions
20656|Babieka
520|Pacific Data Images (PDI)
694|StudioCanal
75017|LBI Productions
7508|Produzioni Europee Associati (PEA)
2213|Rainmaker Entertainment
31825|Digital Domain
26590|Backup Media
2575|21 Laps Entertainment
67776|Silver Plane Films
39707|The Bridge Finance Company
7505|Marvel Entertainment
39043|Traveling Picture Show Company (TPSC)
8649|Mikros Image
5218|Imprint Entertainment
12162|Constantin Film International
1633|Next Entertainment
30794|Sony Computer Entertainment
13923|Sobini Films
59897|Daryl Prince Productions
24955|Paramount Animation
8411|Metro-Goldwyn-Mayer (MGM)
59490|SJ Pictures
21380|Roxbury Pictures
3952|Hemdale Film
8057|Langley Park Production
37382|Classic Media
49512|New Picture Company
5635|China Film Group
174|Warner Bros. Pictures
385|Stanley Kubrick Productions
55405|Saw Productions Inc.
23636|Mostow/Lieberman Productions
10059|This Is That Productions
11346|Motion Picture THETA Produktionsgesellschaft
15565|Von Fiessbach Film
30926|Skyline Entertainment
59367|Mike and Marty Productions
345|O2 Filmes
2721|Jinks/Cohen Company
4411|MMC Independent
545|Ten Thirteen Productions
20344|First Light Production
7490|TSBD Canada Productions
2015|Darlow Smithson Productions
4176|Nord-Ouest Productions
26468|IFC Productions
11278|Inferno Distribution
17301|Focus Features
890|Cheyenne Enterprises
34081|Flynn Picture Company
18|Gracie Films
11261|M6
21914|Kramer & Sigman Films
7429|HBO Films
12484|DCP Orphan Productions
30246|Scholastic Entertainment
729|Why Not Productions
48186|Smash Media
7829|Ascension Pictures
5899|MGM
559|TriStar Pictures
477|Hughes Entertainment
370|Melampo Cinematografica
21632|Mediaset España
6446|Total Entertainment
7291|Olive Bridge Entertainment
7217|See-Saw Films
20012|Sparkler Entertainment
50162|Moetion Films
1693|Nina Saxon Film Design
69|MFPV Film
1972|X-Filme Creative Pool
3314|Crescendo Productions
23634|Riddick Canada Productions
2596|Jerry Weintraub Productions
64|Les Productions Artistes Associés
536|The Coppola Company
17021|Lucamar Productions
26402|Little Stranger
7424|First Point Entertainment
15855|Goldenlight Films
539|Block 2 Pictures
13184|Annapurna Pictures
6666|Herrick Entertainment
10930|Bagdasarian Productions
66930|Brothers Dowdle Productions
23889|Fünfte Babelsberg Film
24277|PalmStar Entertainment
768|Ghost House Pictures
14578|HitRecord Films
15495|Revolt Films
7493|FilmNation Entertainment
57944|SPD Films
14384|Translux
10761|Danjaq
5125|Le Pacte
11|WingNut Films
7965|The Ladd Company
11362|Mark Gordon Productions
5267|Irish Film Board
63520|Sony Pictures International
476|Underworld Entertainment
24175|Cott Productions
250|Canal+Polska
11444|Lumiere
17888|K. JAM Media
34981|Iron Horse Entertainment (II)
11461|Bad Robot
616|Eskwad
398|Egg Films
223|Les Films du Losange
73045|LHF Film
72280|Telegael
1157|Les Cinémas de la Zone
31076|Simon Kinberg Productions
30420|Anonymous Content
19865|A Grand Elephant
33832|Aperture Entertainment
7735|Subterranean Productions UK Ltd.
60746|Unique Features
11533|Valhalla Motion Pictures
19750|Disney Double Dare You (DDY)
10421|Innocent Pictures
290|Ingenious Media
7384|Hypnotic
14495|Sierra Pictures (II)
36991|Clarius Entertainment
7491|Zohar International
9011|Toloda
6455|Edward R. Pressman Film
1302|Davis Entertainment
10105|Apatow Productions
21905|C & L
14684|Neunte Babelsberg Film
40890|China Film Co.
675|Forward Pass
1171|Epsilon Motion Pictures
19150|Telewizja Polska (TVP)
8537|Closest to the Hole Productions
243|CB Films
8976|Media Max Productions
11537|Laika Entertainment
72441|TIK Films
348|Bedford Falls Productions
63925|Crucial Films
46625|Newbridge Film Capital
11441|Propeler
10211|Alfran Productions
8855|Boy of the Year
763|Intermedia Films
22947|3DTK
11355|Jurow-Shepherd
8073|Nick Wechsler Productions
490|New Regency Productions
289|Ingenious Film Partners
19632|3311 Productions
11462|Alphaville Films
2378|Offspring Entertainment
71711|Terra Incognita Films
23616|Ciné+
129|Section Eight
285|Live Entertainment
63443|The Fyzz Facility
4081|LEGO
51304|Séléna Audiovisuel
45778|Plan B Entertainment
11442|Silverbell Films
396|SLM Production Group
21777|TC Productions
23243|Sikelia Productions
11324|Pacific Title and Art Studio
10217|Walt Disney Feature Animation
4650|Marubeni
72281|Assemblage Entertainment
11922|Taxshelter. be
3470|Stone Group Pictures
11345|Stillking Films
50482|Route One Films
19855|Internationale Filmproduktion Blackbird Dritte
24785|Pontchartrain Productions
11029|QED International
429|DC Comics
4908|First Generation Films
8286|Decibel Films
49153|Remark Films
316|Wildwood Enterprises
25|20th Century Fox
7385|Kalima Productions GmbH & Co. KG
46059|Italo/Judeo Productions
11628|Tequila Gang
13800|Gaumont Distribution
12518|d-rights
28064|Blue Light
2141|Kaleidoscope Entertainment
11413|China Movie Channel
4252|Studio Babelsberg StudioBabelsberg Motion Pictures
939|New Legacy
6555|Polish Film Institute
4288|Madhouse
14654|EMJAG Productions
726|Haut et Court
16615|Point Grey Pictures
25020|Victoires Productions
47586|Zaftig Films
1783|Jaret Entertainment
7281|British Film Institute (BFI)
97|Castle Rock Entertainment
267|Beverly Detroit
9|Gaumont
2343|Red Chillies Entertainment
1022|Cool Music
6320|Hwy61
2933|Tenth Planet Productions
20004|Zanuck Company, The
20193|Walt Disney Company
60255|Half Circle
692|Sogecine
41096|Lonetree Entertainment
5005|Bedlam Productions
22146|Black Bear Pictures
12800|Ego Film Arts
24939|WV Films II
1620|Nuyorican Productions
19643|Sommers Company, The
264|Studio Babelsberg
13439|Optix Digital Pictures
3823|TF1 Films Production
23271|SOIXAN7E QUIN5E
8915|Pandemonium
48792|Parallel Zide
1885|Silver Pictures
12252|Chartoff-Winkler Productions
19097|Junction Entertainment
53656|Old Bull Pictures
19578|Momentum Pictures
2877|Living Films
134|Rogue Pictures
5237|The Saul Zaentz Company
21742|Haunted Movies
497|Revolution Studios
6736|Imagenation Abu Dhabi FZ
54392|Soho VFX
73216|Apollo Media
36615|Potboiler Productions
7437|IM Global
12000|Tapioca Films
1473|Depth of Field
20418|Banca Popolare di Vicenza
19719|Saints LA
20013|NT2 Productions
40106|Free State Pictures
18920|Salamander Pictures
19551|Marvel Enterprises
3574|Denver and Delilah Productions
12542|Toki wo Kakeru Shôjo Seisaku Iinkai 2006
22790|B22
19829|Kut Productions
840|Lawrence Gordon Productions
5552|Media Asia Films
19105|Eidos Interactive
3172|Blumhouse Productions
19094|MIRACLE Productions GmbH & Co. KG
8797|Storyline Entertainment
41053|Casino Royale Productions
23955|Ringerike Zweite Filmproduktion
6277|Skydance Productions
