"player_api_id";"lowerCased_player_name"
155782;"aaron cresswell"
23780;"aaron hughes"
27316;"aaron hunt"
30895;"aaron lennon"
75489;"aaron ramsey"
23499;"aaron wilbraham"
128456;"abdelhamid el kaoutari"
42664;"abdelkader ghezzal"
563215;"abdou diallo"
41093;"abdou traore"
564712;"abdoul ba"
173955;"abdoul razzagui camara"
39562;"abdoulay konko"
191784;"abdoulaye ba"
210400;"abdoulaye bamba"
201915;"abdoulaye diaby"
189181;"abdoulaye diallo"
352887;"abdoulaye doucoure"
40005;"abdoulaye faye"
409003;"abdoulaye keita"
37280;"abdoulaye meite"
439366;"abdoulaye toure"
148827;"abdoulwahid sissoko"
324910;"abdul rahman baba"
24385;"abel aguilar"
105548;"abel hernandez"
302985;"abel khaled"
40938;"abel"
27277;"abou diaby"
581141;"aboubakar kamara"
41489;"achille coser"
293235;"achraf lazaar"
495841;"adalberto penaranda"
519835;"adam armstrong"
27534;"adam bodzek"
157303;"adam bogdan"
38617;"adam federici"
89240;"adam hlousek"
24159;"adam johnson"
37234;"adam lallana"
500502;"adam masina"
185336;"adam matuschyk"
12245;"adam nemec"
684978;"adam ounas"
73078;"adam pinter"
160447;"adam smith"
36774;"adam szalai"
287224;"adama ba"
26136;"adama coulibaly"
357881;"adama soumaoro"
181211;"adama traore"
533212;"adama traore"
103866;"adamo coulibaly"
47394;"adel taarabt"
155738;"adem ljajic"
361710;"aderlan santos"
37249;"adil chihi"
40012;"adil hermach"
77741;"adil rami"
131409;"adlene guedioura"
132844;"admir mehmedi"
449241;"adnan januzaj"
261599;"adnane tighadouini"
102572;"adrian colunga"
482331;"adrian embarba"
40501;"adrian gonzalez"
178574;"adrian gunino"
23358;"adrian mariappa"
571685;"adrian marin"
39311;"adrian mutu"
112976;"adrian nikci"
50345;"adrian ramos"
42431;"adrian ricchiuti"
168047;"adrian stoian"
169756;"adrian"
38122;"adriano russo"
121923;"adriano"
30690;"adriano"
33992;"adriano"
41109;"adriano"
447107;"adrien hunou"
352879;"adrien rabiot"
188413;"adrien regattin"
317062;"adrien thomasson"
242719;"adrien trebel"
263276;"adryan"
213366;"afriyie acquah"
441441;"ager aketxe"
118883;"agim ibraimi"
119305;"agon mehmeti"
297556;"ahmed hegazy"
41182;"ahmed kantari"
120917;"ahmed kashi"
232103;"ahmed musa"
32448;"aiden mcgeady"
715642;"aissa laidouni"
210683;"aissa mandi"
185301;"aitor nunez"
243127;"akaki gogia"
33451;"alaeddine yahia"
34417;"alain traore"
32870;"alan hutton"
294859;"alassane plea"
289250;"alassane tambe"
160220;"alassane toure"
698273;"alban lafont"
94883;"alban meha"
35831;"albert bunjaku"
396912;"albert rafetraniaina"
27694;"alberto aquilani"
107929;"alberto botia"
41168;"alberto bueno"
47565;"alberto de la bella"
102394;"alberto garcia"
30881;"alberto gilardino"
575364;"alberto grassi"
37451;"alberto lopo"
39743;"alberto maria fontana"
314605;"alberto moreno"
109121;"alberto paloschi"
39302;"alberto pelagotti"
231977;"alberto perea"
74028;"alberto pomini"
30273;"alberto rivera"
527104;"albian ajeti"
26401;"albin ebondo"
71768;"albin ekdal"
93343;"aldo angoula"
664961;"aldo kalulu"
39345;"aleandro rosi"
189192;"aleix vidal"
38131;"alejandro alfaro"
26120;"alejandro alonso"
191906;"alejandro arribas"
169217;"alejandro bedoya"
10348;"alejandro dominguez"
97657;"alejandro faurlin"
303484;"alejandro galvez"
187150;"alejandro martinuccio"
167094;"aleksandar ignjovski"
16351;"aleksandar kolarov"
351860;"aleksandar mitrovic"
280638;"aleksandar pantic"
164519;"aleksandar pesic"
278866;"aleksandar stevanovic"
156534;"aleksandar tonev"
208852;"aleksandar trajkovski"
395154;"alen halilovic"
191081;"alen stevanovic"
39763;"alessandro agostini"
39470;"alessandro bernardini"
74452;"alessandro carrozza"
154238;"alessandro crescenzi"
30727;"alessandro del piero"
41475;"alessandro diamanti"
264842;"alessandro florenzi"
42443;"alessandro frara"
24504;"alessandro gamberini"
41816;"alessandro gazzi"
182843;"alessandro iacobucci"
73047;"alessandro lambrughi"
215725;"alessandro longhi"
27679;"alessandro lucarelli"
41411;"alessandro matri"
30723;"alessandro nesta"
620524;"alessandro piu"
39314;"alessandro potenza"
31304;"alessandro rosina"
42652;"alessandro sgrigna"
41269;"alessio cerci"
282706;"alessio cragno"
362195;"alessio romagnoli"
42482;"alessio sestu"
35480;"alex bruce"
447488;"alex ferrari"
604785;"alex iwobi"
205034;"alex lopez"
264293;"alex martinez"
119079;"alex mccarthy"
282689;"alex menendez"
213493;"alex perez"
41136;"alex pinardi"
157865;"alex sandro"
428672;"alex telles"
150396;"alex"
163838;"alex"
26564;"alex"
27306;"alexander baumjohann"
27535;"alexander bugera"
407765;"alexander djiku"
147735;"alexander esswein"
31672;"alexander farnerud"
459000;"alexander hack"
34420;"alexander madlung"
27478;"alexander meier"
192504;"alexander merkel"
169569;"alexander milosevic"
181333;"alexander ring"
248437;"alexander schwolow"
71524;"alexander stephan"
40100;"alexander tettey"
25824;"alexandre alphonse"
265727;"alexandre coeff"
93996;"alexandre cuvillier"
33840;"alexandre geijo"
169193;"alexandre lacazette"
210387;"alexandre letellier"
560900;"alexandre mendy"
46554;"alexandre pato"
46342;"alexandre raineau"
42321;"alexandros tziolis"
42306;"alexandros tzorvas"
298923;"alexandru maxim"
687572;"alexis alegue elandi"
605848;"alexis blin"
281019;"alexis rolin"
50047;"alexis sanchez"
26275;"alexis thebaux"
37479;"alexis"
303089;"alexy bosetti"
317156;"alfred duncan"
129918;"alfred finnbogason"
239946;"alfredo morales"
213649;"alfredo ortuno"
46412;"alharbi el jadeyaoui"
242889;"alhassan wakaso"
256727;"alhassane bangoura"
476771;"ali adnan"
190741;"ali ahamada"
169752;"aljaz struna"
32496;"allan mcgregor"
188652;"allan"
676625;"allan"
563216;"almamy toure"
25816;"almen abdi"
174093;"almog cohen"
634113;"alois confais"
39978;"alou diarra"
17276;"aloys nong"
210164;"alphonse areola"
27351;"altin lala"
299653;"alvaro ampuero"
37442;"alvaro arbeloa"
201916;"alvaro arroyo"
183350;"alvaro cejudo"
114044;"alvaro dominguez"
50104;"alvaro dominguez"
474658;"alvaro garcia"
57067;"alvaro gonzalez"
523390;"alvaro medran"
213501;"alvaro morata"
75310;"alvaro negredo"
100033;"alvaro pereira"
33586;"alvaro rubio"
282467;"alvaro vadillo"
213489;"alvaro vazquez"
93484;"aly cissokho"
681965;"aly ndom"
668307;"amadou diawara"
111917;"amadou sidibe"
318656;"amadou soukouna"
38827;"amauri"
244840;"amidu salifu"
309505;"amin younes"
127224;"amir abrashi"
108524;"ammar jemal"
303359;"amos youga"
213814;"anaitz arbilla"
614454;"anastasios donis"
449492;"ander capa"
164676;"ander herrera"
150323;"ander iturraspe"
127209;"anders christiansen"
70074;"anders konradsen"
26818;"anders lindegaard"
268039;"anderson conceicao"
145561;"anderson"
40961;"anderson"
71055;"andi lila"
33025;"andoni iraola"
421785;"andre auras"
95955;"andre ayew"
292772;"andre biyogo poko"
40956;"andre castro"
264739;"andre dias"
35244;"andre dias"
361770;"andre gomes"
243829;"andre hahn"
212915;"andre hoffmann"
26245;"andre luiz"
38170;"andre mijatovic"
164238;"andre santos"
78541;"andre santos"
265918;"andre wisdom"
30902;"andrea barzagli"
309726;"andrea belotti"
154239;"andrea bertolacci"
39510;"andrea campagnolo"
27664;"andrea caracciolo"
150393;"andrea catellani"
39643;"andrea coda"
39170;"andrea consigli"
506364;"andrea conti"
74468;"andrea conti"
41326;"andrea cossu"
41865;"andrea costa"
414792;"andrea dossena"
41942;"andrea esposito"
41404;"andrea lazzari"
74542;"andrea lisuzzo"
41369;"andrea luci"
24443;"andrea mantovani"
41879;"andrea masiello"
159606;"andrea mazzarani"
30731;"andrea pirlo"
57124;"andrea poli"
24493;"andrea raggi"
25526;"andrea ranocchia"
130113;"andrea rispoli"
41878;"andrea rossi"
150464;"andrea seculin"
364164;"andrea tabanelli"
39841;"andreas beck"
449232;"andreas christensen"
30424;"andreas granqvist"
33792;"andreas hinkel"
38213;"andreas ibertsberger"
42873;"andreas ivanschitz"
27022;"andreas lambertz"
192712;"andreas ludwig"
25365;"andreas ottl"
184360;"andreas weimann"
27438;"andreas wolf"
173461;"andrej kramaric"
104986;"andres fernandez"
31045;"andres guardado"
30955;"andres iniesta"
33986;"andres palop"
192065;"andres tunez"
172948;"andreu fontas"
357880;"andrew robertson"
37369;"andrew sinkala"
23629;"andrew surman"
24161;"andrew taylor"
308236;"andrew wooten"
30886;"andrey voronin"
570463;"andrezinho"
97493;"andrezinho"
38367;"andrija delibasic"
166422;"andros townsend"
47382;"andy carroll"
183530;"andy delort"
103419;"andy king"
23369;"andy wilkinson"
148314;"anele ngcongca"
432950;"angel correa"
46509;"angel di maria"
38573;"angel lafita"
105925;"angel montoro"
89185;"angel rangel"
280485;"angel trujillo"
155246;"angelo da costa"
27702;"angelo palombo"
17836;"angelo"
163989;"anselmo"
202343;"anselmo"
22139;"anselmo"
265725;"ante rebic"
170660;"ante vukusic"
71619;"anthony annan"
11327;"anthony deroin"
202562;"anthony knockaert"
37466;"anthony le tallec"
118850;"anthony lippini"
167035;"anthony lopes"
413557;"anthony martial"
71605;"anthony modeste"
40659;"anthony mounier"
47194;"anthony pilkington"
32579;"anthony reveillere"
564859;"anthony ribelin"
196366;"anthony ujah"
38368;"anthony vanden borre"
562698;"anthony walongwa"
46892;"anthony weber"
424918;"antoine conte"
46653;"antoine devaux"
184138;"antoine griezmann"
717270;"antoine rabillard"
11736;"antolin alcaraz"
16678;"anton putsila"
40648;"antonio adan"
150731;"antonio amaya"
41769;"antonio balzano"
35324;"antonio barragan"
39485;"antonio bocchetti"
11685;"antonio candreva"
32748;"antonio cassano"
34413;"antonio da silva"
299374;"antonio di gaudio"
27734;"antonio di natale"
212772;"antonio donnarumma"
41542;"antonio floro flores"
32656;"antonio lopez"
202553;"antonio luna"
182839;"antonio mazzotta"
35644;"antonio mirante"
39367;"antonio nocerino"
27560;"antonio rosati"
79737;"antonio rukavina"
474448;"antonio sanabria"
37793;"antonio tomas"
35327;"antonio valencia"
182776;"archimede morleo"
39792;"arda turan"
112656;"ariel borysiuk"
38263;"aristide bance"
604374;"aristote madiani"
33028;"aritz aduriz"
607148;"aritz elustondo"
30834;"arjen robben"
277460;"arkadiusz milik"
263796;"arlind ajeti"
63520;"armand traore"
301023;"armando izzo"
107502;"armin bacinovic"
46540;"arnaud le lan"
46246;"arnaud maire"
179411;"arnaud souquet"
103964;"arnold bouka moutou"
26324;"arnold mvuemba"
110169;"aron gunnarsson"
172388;"aron johannsson"
30922;"arouna kone"
107717;"artem kravets"
38842;"arthur boka"
418137;"arthur masuaku"
79982;"artjoms rudnevs"
30974;"artur boruc"
168727;"artur ionita"
69008;"artur sobiech"
49939;"arturo vidal"
27339;"ashkan dejagah"
107280;"ashley barnes"
38834;"ashley cole"
24948;"ashley williams"
23354;"ashley young"
34575;"asier del horno"
205278;"asier illarramendi"
33958;"asier riesgo"
46518;"asmir begovic"
595586;"assane demoya gnoukouri"
612212;"assane diousse"
184591;"atila turan"
72813;"atsuto uchida"
72623;"augusto fernandez"
351063;"aurelian chitu"
56916;"aurelien chedjou"
46430;"aurelien montaroup"
27524;"axel bellinghausen"
192770;"aymen abdennour"
411617;"aymeric laporte"
479020;"ayoze perez"
119427;"aytac sulu"
185386;"azbe jug"
115798;"baba"
601783;"babacar gueye"
26111;"bacary sagna"
26344;"bafetimbi gomis"
303139;"baissama sankoh"
93488;"bakary kone"
46417;"bakary sako"
46242;"bakaye traore"
40840;"banel nicolita"
317932;"baptiste aloe"
438167;"baptiste guillaume"
279175;"baptiste reynet"
161415;"barry bannan"
206830;"bartlomiej pawlowski"
155256;"bartosz salamon"
104045;"bas dost"
155534;"bastian oczipka"
30872;"bastian schweinsteiger"
210065;"bebe"
66929;"beg ferati"
276121;"ben davies"
24147;"ben foster"
45571;"ben hamer"
240538;"ben mee"
47552;"ben sahar"
40651;"ben turner"
22991;"ben watson"
45749;"benat etxebarria"
435683;"benedikt saller"
232253;"benik afobe"
148830;"benjamin andre"
277390;"benjamin boulenger"
441871;"benjamin bourigeaud"
210404;"benjamin corgnet"
681383;"benjamin henrichs"
210146;"benjamin jeannot"
36518;"benjamin kessel"
210114;"benjamin lecomte"
181619;"benjamin leroy"
280965;"benjamin mendy"
104406;"benjamin mokulu tembe"
131995;"benjamin moukandjo"
26420;"benjamin nivet"
611223;"benjamin pavard"
192920;"benjamin stambouli"
72259;"bennard yao kumordzi"
26112;"benoit cheyrou"
11319;"benoit costil"
37560;"benoit lesoimier"
39993;"benoit pedretti"
41092;"benoit tremoulinas"
260964;"berat djimsiti"
32577;"bernard mendy"
529285;"bernard mensah"
488139;"bernardo silva"
150764;"bernardo"
215168;"bernd leno"
39842;"bernd nehrig"
95597;"bertrand laquait"
303059;"bertrand traore"
97498;"beto"
22964;"billy jones"
179901;"billy ketkeophomphone"
348408;"birama toure"
40274;"birkir bjarnason"
291620;"bjarne thoelke"
26419;"blaise matuidi"
30940;"blerim dzemaili"
27415;"bo svensson"
23021;"boaz myhill"
24741;"bobby zamora"
474671;"bobley anderson"
26262;"bocundji ca"
39725;"bogdan lobont"
58499;"bojan jokic"
141160;"boris vukcevic"
200917;"borja baston"
242151;"borja ekiza"
38431;"borja fernandez"
175305;"borja garcia"
213823;"borja gomez"
410424;"borja lopez"
635772;"borja mayoral"
33747;"borja oubina"
38433;"borja valero"
102623;"borja viguera"
40601;"bosko jankovic"
26223;"bostjan cesar"
265591;"boubacar sylla"
278341;"bouna sarr"
30380;"brad friedel"
69650;"brad guzan"
515338;"brad smith"
24583;"bradley johnson"
35442;"bradley jones"
93359;"brahim ferradj"
40197;"brandao"
258245;"branimir hrgota"
31306;"branislav ivanovic"
38379;"braulio"
110331;"brayan angulo"
281999;"brayan perea"
26777;"brede hangeland"
527103;"breel embolo"
210691;"brice dja djedje"
104392;"brice jovial"
115160;"brown ideye"
361322;"bruma"
25920;"bruno alves"
375782;"bruno alves"
41083;"bruno ecuele manga"
422685;"bruno fernandes"
93471;"bruno grougi"
638778;"bruno henrique"
212511;"bruno martins indi"
406330;"bruno nazario"
79013;"bruno pereirinha"
267911;"bruno peres"
424875;"bruno petkovic"
42479;"bruno soriano"
228982;"bruno uvini"
193937;"bruno zuculini"
299799;"bryan cristante"
202633;"bryan dabo"
193859;"bryan oviedo"
481694;"bryan pele"
206679;"bryan rabello"
38229;"bryan ruiz"
452243;"burgui"
67008;"cabral"
27642;"cacau"
361768;"cafu"
80564;"caio"
150922;"caiuby"
112205;"cala"
172841;"callum mcmanaman"
184321;"callum wilson"
425255;"calum chambers"
32566;"camel meriem"
562593;"cameron brannagan"
31953;"cameron jerome"
37480;"cani"
214685;"carl jenkinson"
40721;"carl medjani"
147351;"carlao"
165889;"carlao"
358289;"carles gil"
213694;"carles planas"
30661;"carles puyol"
164467;"carlitos"
22519;"carlitos"
95230;"carlitos"
166648;"carlos bacca"
195717;"carlos carbonero"
17299;"carlos carmona"
49940;"carlos carmona"
574654;"carlos castro"
282471;"carlos clerc"
33863;"carlos cuellar"
174062;"carlos eduardo"
78990;"carlos eduardo"
516854;"carlos fernandez"
74404;"carlos garcia"
317822;"carlos gruezo"
33024;"carlos gurpegi"
26142;"carlos henrique"
25563;"carlos kameni"
112848;"carlos labrin"
30752;"carlos marchena"
102620;"carlos martinez"
37548;"carlos martins"
18923;"carlos matheu"
74302;"carlos pena"
56972;"carlos sanchez"
38817;"carlos tevez"
75342;"carlos vela"
106309;"carlos zambrano"
34543;"carlton cole"
208494;"casemiro"
32675;"cata diaz"
282276;"cauley woodrow"
201939;"cedric bakambu"
41194;"cedric barbosa"
46708;"cedric cambon"
26168;"cedric carrasso"
41146;"cedric faure"
11323;"cedric hengbart"
473858;"cedric hountondji"
41121;"cedric kante"
27512;"cedric makiadi"
71603;"cedric mongongu"
160627;"cedric soares"
26287;"cedric varrault"
466308;"cedric yambere"
187279;"cedric"
51953;"celso borges"
72541;"cesar azpilicueta"
39702;"cesar"
450293;"cesar"
39419;"cesare bovo"
27721;"cesare natali"
30613;"cesc fabregas"
78314;"ceyhun gulselam"
92375;"cezary wilk"
185067;"chaher zarour"
46468;"chahir belghazouani"
248169;"chaker alhadhur"
277761;"chancel mbemba"
33100;"chaouki ben saada"
50638;"charles aranguiz"
93470;"charles diers"
78185;"charles kabore"
720738;"charles traore"
213653;"charles"
39109;"charlie adam"
187266;"charlie austin"
68237;"charlie daniels"
47333;"charlie davies"
112119;"charlison benschop"
722766;"charly musonda"
40707;"cheick diabate"
186153;"cheick doukoure"
38373;"cheik tiote"
94549;"cheikh mbengue"
426612;"cheikh ndoye"
148302;"cheikhou kouyate"
74663;"chico"
36133;"chinedu ede"
40176;"chinedu obasi"
43247;"chris baird"
23257;"chris brunt"
110947;"chris herd"
243248;"chris mavinga"
388025;"chris philipps"
165823;"chris smalling"
27471;"chris"
34530;"christian abbiati"
242887;"christian atsu"
148315;"christian benteke"
39444;"christian brocchi"
178804;"christian clemens"
37381;"christian eichner"
33772;"christian eigler"
157723;"christian eriksen"
18664;"christian fernandez"
43061;"christian fuchs"
27324;"christian gentner"
149219;"christian kabasele"
46230;"christian kinkela"
35988;"christian lell"
39535;"christian maggio"
448805;"christian mathenia"
25549;"christian obodo"
30250;"christian pander"
32937;"christian poulsen"
50669;"christian puggioni"
688295;"christian pulisic"
288349;"christian santos"
25483;"christian schulz"
97727;"christian strohdiek"
39541;"christian terlizzi"
34971;"christian tiffert"
37354;"christian weber"
27488;"christian wetklo"
480799;"christian"
185342;"christoph hemlein"
29543;"christoph janker"
269788;"christoph kramer"
30649;"christoph metzelder"
180126;"christoph moritz"
40730;"christophe jallet"
277412;"christophe kerbrat"
46884;"christophe mandanne"
200965;"christopher avevor"
154229;"christopher glombard"
192711;"christopher maboulou"
704523;"christopher nkunku"
319055;"chuli"
161414;"ciaran clark"
172430;"cicinho"
30996;"cicinho"
40203;"ciprian marica"
103218;"ciprian tatarusanu"
37768;"ciro capuano"
161660;"ciro immobile"
39713;"ciro polito"
400962;"clarck nsikulu"
26096;"clarence seedorf"
94033;"claude dielna"
474102;"claude goncalves"
71602;"claudio beauvue"
37421;"claudio bravo"
41890;"claudio marchisio"
25366;"claudio pizarro"
41874;"claudio terzi"
113968;"claudio yacob"
26263;"claudiu keseru"
307069;"cleber"
35989;"clemens fritz"
118298;"clemens walch"
41174;"clement chantome"
182925;"clement grenier"
311009;"clement maury"
30956;"clint dempsey"
23311;"clint hill"
409161;"clinton njie"
151063;"coke"
611682;"connor randall"
169721;"connor wickham"
28081;"constant djakpa"
318535;"constantin nica"
363359;"corentin jean"
473852;"corentin tolisso"
38581;"corona"
103428;"costel pantilimon"
33781;"craig bellamy"
40548;"craig cathcart"
169162;"craig dawson"
25075;"craig gardner"
150596;"craig noone"
30931;"cris"
113695;"cristian alvarez"
102628;"cristian bustos"
27692;"cristian chivu"
114076;"cristian gamboa"
500791;"cristian herrera"
18590;"cristian llama"
287226;"cristian lobato"
24791;"cristian molinaro"
115330;"cristian pasquato"
42650;"cristian raimondi"
26310;"cristian rodriguez"
12766;"cristian sapunaru"
30906;"cristian zaccardo"
24970;"cristian zapata"
239350;"cristiano biraghi"
39229;"cristiano del grosso"
239964;"cristiano piccini"
30893;"cristiano ronaldo"
50449;"cristobal jorquera"
149855;"cuco martina"
24658;"curtis davies"
307015;"cyriaque rivieyran"
26325;"cyril jeunechamp"
38920;"cyril thereau"
30526;"daisuke matsui"
522750;"dalbert"
161012;"daley blind"
195335;"damian suarez"
27669;"damiano ferronetti"
190971;"damiano zanon"
46726;"damien da silva"
23030;"damien delaney"
34574;"damien duff"
26290;"damien gregorini"
93347;"damien marcq"
26345;"damien perquis"
71472;"damien tiberi"
27502;"damir vrancic"
196186;"damjan djokovic"
46810;"dan gosling"
249761;"dan nistor"
151058;"dani benitez"
183497;"dani castellano"
433311;"dani garcia"
183348;"dani hernandez"
580704;"dani ndi"
280528;"dani nieto"
174634;"dani schahin"
295212;"dani sotres"
163897;"dani"
25984;"daniel agger"
436036;"daniel amartey"
33018;"daniel aranzubia"
181379;"daniel ayala"
37319;"daniel baier"
37342;"daniel brinkmann"
94915;"daniel brosinski"
188498;"daniel caligiuri"
40957;"daniel candeias"
40940;"daniel carrico"
282674;"daniel carvajal"
42052;"daniel ciofani"
26399;"daniel congre"
177698;"daniel davari"
141145;"daniel didavi"
23823;"daniel fox"
24744;"daniel gabbidon"
177720;"daniel ginczek"
33778;"daniel guiza"
24138;"daniel halfar"
26257;"daniel jensen"
40523;"daniel larsson"
39994;"daniel niculae"
111858;"daniel opare"
75307;"daniel parejo"
114664;"daniel pavlovic"
522576;"daniel pinillos"
43158;"daniel pudil"
207118;"daniel royer"
97734;"daniel schwaab"
51553;"daniel sturridge"
39498;"daniel tozser"
33085;"daniel van buyten"
74169;"daniel wass"
193176;"daniel williams"
195413;"daniele baselli"
34952;"daniele bonera"
42387;"daniele cacia"
41536;"daniele capelli"
24405;"daniele conti"
39556;"daniele corvia"
41540;"daniele croce"
30682;"daniele de rossi"
27672;"daniele dessena"
37541;"daniele galloppa"
24793;"daniele gastaldello"
41661;"daniele mannini"
42692;"daniele padelli"
27675;"daniele paponi"
24792;"daniele portanova"
358155;"daniele rugani"
585237;"daniele verde"
119839;"danijel aleksic"
30477;"danijel pranjic"
115184;"danijel subasic"
362120;"danilo cataldi"
240235;"danilo pereira"
207039;"danilo soares"
27708;"danilo soddimo"
143403;"danilo"
185909;"danilo"
19249;"danilo"
208077;"danilo"
208943;"danilo"
281339;"danilo"
570432;"danilo"
240537;"danny da costa"
214426;"danny ings"
162679;"danny latza"
46353;"danny rose"
49571;"danny simpson"
254472;"danny ward"
113836;"danny welbeck"
38432;"dante"
491168;"dany maury"
179522;"dany nounkeu"
18734;"dario cvitanich"
39304;"dario dainelli"
361946;"dario del fabro"
104646;"dario lezcano"
30977;"dariusz dudka"
119014;"darko lazovic"
609733;"darnell furlong"
23949;"darren bent"
24148;"darren fletcher"
37780;"darren randolph"
24156;"darron gibson"
289278;"darwin machis"
104482;"daryl janmaat"
18904;"david abraham"
121633;"david alaba"
30666;"david albelda"
41294;"david barral"
30612;"david beckham"
41119;"david bellion"
37456;"david cobeno"
37470;"david cortes"
479217;"david costas"
182917;"david de gea"
27665;"david di michele"
41216;"david ducourtioux"
33767;"david garcia"
74991;"david garcia"
37498;"david generelo"
40988;"david gigliotti"
528873;"david goldar"
41019;"david hellebuyck"
610668;"david ivan"
30749;"david jarolim"
25415;"david jones"
246218;"david junca"
553597;"david kinsombi"
108572;"david lomban"
215584;"david lopez"
33866;"david lopez"
52133;"david luiz"
32446;"david marshall"
193870;"david mateos"
131583;"david meyler"
30276;"david navarro"
41175;"david ngog"
23190;"david nugent"
50065;"david ospina"
37545;"david pizarro"
102631;"david rodriguez"
30918;"david rozehnal"
41105;"david sauget"
37459;"david silva"
358339;"david simon"
35477;"david stockdale"
24415;"david suazo"
30909;"david villa"
99047;"david zurutuza"
103266;"davide astori"
39294;"davide bassi"
201617;"davide bertoncini"
39222;"davide biondini"
24500;"davide brivio"
612755;"davide calabria"
39435;"davide di gennaro"
183076;"davide gavazzi"
97487;"davide lanzafame"
39721;"davide mandelli"
39722;"davide moro"
42425;"davide moscardelli"
150466;"davide santon"
244811;"davide zappacosta"
501568;"davie selke"
22894;"dean hammond"
34437;"dean marney"
32087;"dean moxey"
432040;"deandre yedlin"
410359;"declan john"
127712;"declan rudd"
191616;"dedryck boyata"
309537;"deivid"
496054;"dejan drazic"
161662;"dejan lazarevic"
179009;"dejan lekic"
114268;"dejan lovren"
30724;"dejan stankovic"
197952;"dejan stojanovic"
363333;"dele alli"
492586;"demarai gray"
35411;"demba ba"
664962;"denis bouanga"
359197;"denis cheryshev"
79248;"denis petric"
396884;"denis streker"
282281;"denis suarez"
97521;"denis tonucci"
26994;"deniz dogan"
614163;"deniz hummet"
94891;"deniz yilmaz"
33338;"dennis aogo"
210126;"dennis appiah"
141113;"dennis diekmeier"
33342;"dennis kruppke"
26288;"dennis oliech"
282012;"dennis praet"
34381;"derek boateng"
476769;"deyverson"
304350;"diacko fofana"
192899;"diafra sakho"
163971;"didac vila"
33128;"didier digard"
30822;"didier drogba"
96613;"diego alves"
30820;"diego benaglio"
103139;"diego buonanotte"
38139;"diego capel"
570434;"diego carlos"
24383;"diego castro"
161396;"diego contento"
19243;"diego costa"
182791;"diego fabbrini"
183059;"diego falcinelli"
150395;"diego farias"
38460;"diego forlan"
56678;"diego godin"
51321;"diego gomez"
684723;"diego gonzalez"
99054;"diego ifran"
429988;"diego laxalt"
420568;"diego llorente"
41466;"diego lopez"
42168;"diego lugano"
2752;"diego mainz"
213504;"diego marino"
30549;"diego milito"
184132;"diego novaretti"
26214;"diego perez"
101422;"diego perotti"
201111;"diego reyes"
297579;"diego rolan"
19393;"diego"
31235;"diego"
89476;"diego"
38369;"dieumerci mbokani"
27430;"dimitar berbatov"
261609;"dimitri foulquier"
25496;"dimitri payet"
242783;"diogo figueiras"
208926;"diogo salomao"
426202;"divock origi"
185000;"djakaridja kone"
74838;"djamel bakar"
41605;"djamel mesbah"
33418;"djibril cisse"
242156;"djibril sidibe"
34370;"djiby fall"
35637;"djimi traore"
688876;"dodi lukebakio"
177874;"dodo"
364520;"domenico berardi"
42691;"domenico maietta"
74435;"domingo cisma"
36934;"dominic maroh"
206795;"dominik furman"
213061;"dominik kaiser"
303905;"dominik kohr"
27437;"dominik reinhardt"
303800;"dominique heintz"
96598;"dominique malonga"
32942;"don cowie"
75405;"dorge kouemaha"
719413;"dorian caddy"
186805;"dorian leveque"
158263;"dorlan pabon"
156726;"douglas costa"
346000;"douglas santos"
110147;"douglas"
120621;"douglas"
149845;"douglas"
172116;"douglas"
173484;"dragos grigore"
46104;"dries mertens"
41122;"drissa diakite"
37450;"duda"
37439;"dudu aouate"
75445;"duje cop"
520230;"duncan watmore"
30983;"dusan basta"
39136;"dusan djuric"
22824;"dusan svento"
94267;"dusan tadic"
16254;"dusan veskovac"
116555;"duvan zapata"
363340;"dwight gayle"
42703;"dwight tiendalli"
139635;"dylan gissi"
14560;"eden ben basat"
107417;"eden hazard"
268394;"edenilson"
150026;"eder"
29585;"eder"
26294;"ederson"
38060;"edgar alvarez"
30920;"edgar barreto"
179491;"edgar prib"
56895;"edgar"
15403;"edin dzeko"
49677;"edinson cavani"
37390;"edmond kapllani"
362121;"edoardo goldaniga"
134222;"edouard butin"
26311;"edouard cisse"
26489;"edson braafheid"
74757;"edu albacar"
150647;"edu bedia"
213707;"edu oriol"
183479;"edu ramos"
30448;"edu"
37783;"edu"
425595;"eduard campabadal"
150093;"eduardo salvio"
50661;"eduardo vargas"
41704;"eduardo"
43283;"eduardo"
78186;"eduardo"
27974;"edward ofere"
111885;"efrain juarez"
108075;"elderson"
42247;"eldin jakupovic"
156551;"eliaquim mangala"
215804;"elias kachunga"
14593;"eliran atar"
11758;"eliseu"
26675;"eljero elia"
22313;"elkin soto"
46344;"elliot grandin"
96456;"elliott bennett"
574642;"ellyes skhiri"
67349;"elsad zverotic"
293160;"elseid hysaj"
39745;"elvis abbruscato"
317775;"emanuel insua"
24167;"emanuel pogatetz"
42041;"emanuele calaio"
167634;"emanuele giaccherini"
42647;"emanuele pesoli"
300236;"emanuele suagher"
79262;"emanuele terranova"
30908;"emerse fae"
163557;"emerson"
51409;"emerson"
24516;"emil hallfredsson"
259306;"emil krafth"
56961;"emiliano alfaro"
47547;"emiliano insua"
268375;"emiliano martinez"
34008;"emiliano moretti"
279172;"emiliano sala"
394825;"emiliano velazquez"
41671;"emiliano viviano"
103904;"emilio nsue"
26255;"emir spahic"
30960;"emmanuel adebayor"
42420;"emmanuel cascione"
183670;"emmanuel emenike"
128666;"emmanuel imorou"
112012;"emmanuel mayuka"
161420;"emmanuel riviere"
24217;"emre belozoglu"
307021;"emre can"
38536;"enaut zubikarai"
170341;"eneko boveda"
295198;"eneko satrustegui"
195927;"enner valencia"
282461;"enric saborit"
32995;"enrique de lucas"
519575;"enzo crivelli"
34000;"enzo maresca"
40148;"enzo perez"
186815;"enzo reale"
193930;"enzo roco"
150509;"eran zahavi"
73448;"eren derdiyok"
30738;"eric abidal"
210406;"eric bautheac"
361315;"eric dier"
26394;"eric mouloungui"
210694;"eric tie bi"
335606;"erick pulgar"
21123;"erik friberg"
36050;"erik jendrisek"
174850;"erik lamela"
411616;"erik moran"
37194;"erik pieters"
39638;"erjon bogdani"
177942;"ermin bicakcic"
158886;"ermir lenjani"
183331;"ernesto galan"
97789;"eros pisano"
45413;"ervin zukanovic"
42971;"erwin hoffer"
586199;"erwin koffi"
244774;"esmael goncalves"
30930;"esteban cambiasso"
41156;"esteban granero"
33731;"esteban"
41365;"etienne capoue"
26326;"etienne didot"
150747;"etrit berisha"
27420;"eugen polanski"
162885;"eugenio lamanna"
29580;"evaldo"
108568;"ever banega"
290411;"ezekiel fryers"
37581;"ezequiel garay"
18925;"ezequiel lavezzi"
164029;"ezequiel munoz"
215768;"ezequiel rescaldani"
78324;"fabian delph"
95228;"fabian frei"
114963;"fabian giefer"
310355;"fabian holland"
37357;"fabian johnson"
42297;"fabian lustenberger"
115297;"fabian monzon"
49836;"fabian orellana"
156793;"fabian rinaudo"
605654;"fabian"
41666;"fabiano santacroce"
40709;"fabien audard"
38435;"fabien camus"
94323;"fabien lemoine"
95513;"fabien robert"
359188;"fabinho"
184822;"fabio borini"
29590;"fabio coentrao"
113239;"fabio daprela"
181357;"fabio espinho"
34320;"fabio grosso"
39540;"fabio quagliarella"
33337;"fabio simplicio"
150176;"fabio"
40725;"fabrice abriel"
40021;"fabrice begeorgi"
34045;"fabrice ehret"
26312;"fabrice pancrate"
30929;"fabricio coloccini"
166872;"fabricio"
670927;"fabrizio alastra"
22283;"fabrizio cacciatore"
39397;"fabrizio grillo"
32747;"fabrizio miccoli"
170344;"facundo bertoglio"
103941;"facundo parra"
20446;"fagner"
93317;"fahid ben khalfallah"
422281;"fakhreddine ben youssef"
147614;"fallou diagne"
178770;"fanol perdedaj"
187017;"faouzi ghoulam"
445868;"fares bahlouli"
33114;"fatih atik"
143795;"fausto rossi"
279173;"faycal fajr"
244136;"fede vico"
27658;"federico agliardi"
450812;"federico andrada"
24622;"federico balzaretti"
365624;"federico barba"
414245;"federico bernardeschi"
150388;"federico casarini"
244816;"federico ceccherini"
438507;"federico di francesco"
181921;"federico dionisi"
95509;"federico fazio"
155050;"federico fernandez"
165709;"federico macheda"
39599;"federico marchetti"
528439;"federico mattiello"
41497;"federico peluso"
42524;"federico piovaccari"
522203;"federico ricca"
309539;"federico ricci"
251384;"federico viviani"
230190;"felipe anderson"
41622;"felipe caicedo"
188533;"felipe gutierrez"
33888;"felipe melo"
101434;"felipe pardo"
103691;"felipe saad"
20396;"felipe santana"
49897;"felipe seymour"
101201;"felipe"
129462;"felipe"
171981;"felipe"
27719;"felipe"
23587;"felix bastians"
237541;"felix klaus"
164259;"felix kroos"
637753;"felix passlack"
614212;"felix platte"
177953;"felix wiedwald"
42390;"ferdinando coppola"
42017;"ferdinando sforzini"
195263;"ferebory dore"
253410;"ferhan hasani"
505866;"ferjani sassi"
171899;"fernandinho"
40196;"fernandinho"
37604;"fernando amorebieta"
211146;"fernando aristeguieta"
36154;"fernando belluschi"
18814;"fernando gago"
33030;"fernando llorente"
304014;"fernando marcal"
30852;"fernando meira"
33848;"fernando navarro"
11555;"fernando soriano"
30853;"fernando torres"
183547;"fernando uribe"
101103;"fernando"
175646;"fernando"
24612;"fernando"
39962;"fernando"
93332;"fethi harek"
202610;"fidel"
27412;"filip daems"
106292;"filip djordjevic"
178538;"filip djuricic"
287337;"filip helander"
281012;"filip kostic"
259439;"filip mladenovic"
319975;"filipe augusto"
41167;"filipe luis"
244970;"filippo falco"
30729;"filippo inzaghi"
74305;"filippo porcari"
35852;"fin bartels"
26215;"flavio roma"
26291;"florent balmont"
41195;"florent chaigneau"
11317;"florent ghisolfi"
492132;"florent hadergjonaj"
30679;"florent malouda"
360156;"florent zitte"
188465;"florentin pogba"
37379;"florian dick"
617044;"florian grillitsch"
291015;"florian hartherz"
33444;"florian jarjat"
303355;"florian julien"
94876;"florian jungwirth"
45272;"florian klein"
27363;"florian kringe"
184521;"florian lejeune"
26118;"florian marange"
276760;"florian niederlechner"
277439;"florian raspentino"
254308;"florian thauvin"
212879;"florian trinks"
599425;"florin andone"
179798;"florin berenguer"
215245;"florin gardos"
131991;"floyd ayite"
287689;"formose mendy"
489501;"formose mendy"
215412;"fouad rachid"
102699;"foued kadir"
26346;"fousseni diawara"
24157;"fraizer campbell"
105827;"fran merida"
282713;"fran rico"
518664;"fran serrano"
73024;"francesco acerbi"
41243;"francesco antonioli"
181920;"francesco bardi"
27558;"francesco benussi"
40656;"francesco bolzoni"
41841;"francesco della rocca"
364108;"francesco fedato"
239256;"francesco grandolfo"
41694;"francesco lodi"
74034;"francesco magnanelli"
39298;"francesco marianini"
27680;"francesco modesto"
39429;"francesco parravicini"
24414;"francesco pisano"
41735;"francesco renzetti"
37457;"francesco tavano"
30714;"francesco totti"
42433;"francesco valiani"
159594;"francis coquelin"
38064;"francisco molinero"
193226;"francisco portillo"
26107;"franck beria"
41177;"franck dja djedje"
466294;"franck hery"
501543;"franck honorat"
30924;"franck ribery"
26264;"franck signorino"
145070;"franck tabanou"
27663;"franco brienza"
49825;"franco di santo"
212644;"franco signorelli"
270774;"franco vazquez"
178802;"franco zuculini"
150007;"francois affolter"
46712;"francois bellugou"
26162;"francois clerc"
564856;"francois kamano"
95227;"francois marque"
26216;"francois modesto"
195706;"francois moubandje"
30631;"frank lampard"
69833;"frantisek rajtoral"
95336;"fraser forster"
191583;"frederic bulot"
612747;"frederic guilbert"
33989;"frederic kanoute"
143752;"frederic sammaritano"
282287;"frederic veseli"
180283;"fredrik ulvestad"
41199;"fredy guarin"
323438;"fredy hinestroza"
748432;"fynn arkenberg"
33635;"gabi"
23264;"gabriel agbonlahor"
30670;"gabriel heinze"
39968;"gabriel obertan"
40621;"gabriel paletta"
177503;"gabriel paulista"
39233;"gabriel penalba"
202341;"gabriel silva"
103424;"gabriel torje"
257757;"gabriel"
265273;"gabriel"
155260;"gabriele angella"
41478;"gabriele perico"
25595;"gaby mudingayi"
277384;"gael angoula"
31291;"gael clichy"
40758;"gael danic"
30739;"gael givet"
163205;"gael kakuta"
26222;"gaetan bong"
426873;"gaetan bussmann"
159839;"gaetan charbonnier"
245287;"gaetan courtet"
41652;"gaetano berardi"
414856;"gaetano letizia"
74044;"gaetano masucci"
400957;"gaetano monachello"
150832;"gaizka toquero"
31921;"gareth bale"
23782;"gareth barry"
32441;"gareth mcauley"
26115;"garra dembele"
40044;"garry bocaly"
302912;"garry mendes rodrigues"
23783;"gary cahill"
35905;"gary hooper"
57078;"gary kagelmacher"
49970;"gary medel"
267260;"gaston brugman"
190872;"gaston ramirez"
106600;"gaston sangoy"
315460;"gaston silva"
420731;"gautier lloris"
42119;"gelson fernandes"
166452;"genki haraguchi"
116603;"genki omae"
39533;"gennaro delvecchio"
30721;"gennaro gattuso"
39273;"gennaro sardo"
119541;"geoff cameron"
37241;"geoffrey dernis"
46705;"geoffrey jourdren"
214972;"geoffrey kondogbia"
32304;"george boyd"
45588;"george friend"
43259;"george mccartney"
501940;"george puscas"
95076;"georges mandjeck"
108038;"georginio wijnaldum"
25643;"georgios samaras"
30702;"gerald asamoah"
251925;"gerard deulofeu"
246438;"gerard moreno"
37482;"gerard pique"
33339;"gerhard tremmel"
35421;"german denis"
416409;"german"
97491;"geromel"
245555;"geronimo rulli"
37950;"gervinho"
127460;"giacomo bonaventura"
24549;"giampaolo pazzini"
27731;"giampiero pinzi"
118616;"giancarlo gonzalez"
27684;"giandomenico mesto"
252650;"gianluca caprari"
39621;"gianluca comotto"
27691;"gianluca curci"
566785;"gianluca gaudino"
42043;"gianluca grava"
39301;"gianluca musacci"
414788;"gianluca pegolo"
150410;"gianluca sansone"
34534;"gianluca zambrotta"
30717;"gianluigi buffon"
618878;"gianluigi donnarumma"
196805;"gianni bruno"
39428;"gianni munari"
31731;"gianni zuiverloon"
39201;"gianpaolo bellini"
26465;"gibril sankoh"
553557;"gideon jung"
80265;"giedrius arlauskis"
37806;"gil vermouth"
172568;"gil"
111973;"gilberto"
30950;"gilberto"
46244;"gilles cioni"
187669;"gilles sunu"
230476;"gino peruzzi"
41884;"giorgio chiellini"
42009;"giorgio frezzolini"
41157;"giovani dos santos"
39284;"giovanni marchese"
39357;"giovanni pasquale"
79246;"giovanni sio"
191080;"giulio donati"
39207;"giulio migliaccio"
365531;"giulio sanseverino"
77767;"giuseppe bellusci"
27660;"giuseppe biava"
39264;"giuseppe colucci"
41376;"giuseppe de feudis"
244835;"giuseppe de luca"
42393;"giuseppe gemiti"
39706;"giuseppe mascara"
670928;"giuseppe pezzella"
183039;"giuseppe rizzo"
38699;"giuseppe rossi"
37767;"giuseppe sculli"
41432;"giuseppe vives"
34036;"glen johnson"
22928;"glenn loovens"
35523;"glenn murray"
23253;"glenn whelan"
518663;"godfred donsah"
16300;"gojko kacar"
25818;"gokhan inler"
164385;"gokhan tore"
23947;"goncalo brandao"
37273;"gonzalo bergessio"
213922;"gonzalo castellani"
27427;"gonzalo castro"
56686;"gonzalo castro"
37512;"gonzalo colsa"
434404;"gonzalo escalante"
25759;"gonzalo higuain"
49885;"gonzalo jara"
38458;"gonzalo rodriguez"
67401;"goran karanovic"
25597;"goran pandev"
38540;"gorka elustondo"
157252;"gotoku sakai"
32734;"graham dorrans"
94044;"granddi ngoyi"
207236;"granit xhaka"
24698;"grant holt"
41280;"graziano pelle"
265924;"gregoire defrel"
210122;"gregoire puel"
26327;"gregory bourillon"
26127;"gregory cerdan"
2907;"gregory lacombe"
26176;"gregory leca"
21776;"gregory lorenzi"
26191;"gregory proment"
41240;"gregory pujol"
154230;"gregory sertic"
93356;"gregory thil"
109651;"gregory van der wiel"
562695;"grejohn kyei"
51509;"grenddy perozo"
154232;"grzegorz krychowiak"
154949;"gueida fofana"
206301;"guerrero"
39726;"guglielmo stendardo"
150407;"guido marilungo"
426878;"guido milan"
40139;"guilherme siqueira"
184644;"guilherme"
196824;"guilherme"
267863;"guilherme"
38253;"guillaume gillet"
37554;"guillaume hoarau"
26390;"guillaume lacour"
35560;"guillaume rippert"
27598;"guillermo giacomazzi"
42771;"guillermo molins"
31047;"guillermo ochoa"
33422;"guillermo rodriguez"
203527;"guillermo sara"
465614;"guillermo varela"
282460;"guillermo"
18673;"gustavo cabral"
500602;"gustavo campanharo"
30668;"guy demel"
157729;"gylfi sigurdsson"
41930;"gyorgy garics"
20125;"hajime hosogai"
304733;"hakan calhanoglu"
35997;"halil altintop"
610534;"hamadou karamoko"
426892;"hamari traore"
27300;"hamit altintop"
27349;"hanno balitsch"
394462;"hany mukhtar"
33588;"haris medunjanin"
170775;"haris seferovic"
502420;"harrison reed"
155129;"harry arter"
194165;"harry kane"
27287;"hasan salihamidzic"
40004;"hassan yebda"
26163;"hatem ben arfa"
427438;"hector bellerin"
70812;"hector moreno"
127894;"hector rodas"
183158;"hector yuste"
30994;"hedwiges maduro"
26894;"heiko butscher"
27461;"heiko westermann"
80291;"heinrich schmidtgal"
38241;"helder barbosa"
361790;"helder costa"
361723;"helder lopes"
40958;"helder postiga"
184114;"heldon"
37532;"henning hauger"
39142;"henok goitom"
41360;"henri bedimo"
94010;"henri saivet"
97486;"henrique sereno"
128037;"henrique"
173383;"henrique"
56654;"henry gimenez"
26348;"herita ilunga"
35561;"hernan crespo"
18501;"hernan pellerano"
88986;"hernan perez"
243781;"hernan"
21446;"hernanes"
103714;"herve bazile"
435960;"hervin ongenda"
30455;"heurelho gomes"
26138;"hilton"
116645;"hiroki sakai"
115847;"hiroshi kiyotake"
94886;"holger badstuber"
176201;"hotaru yamaguchi"
39393;"houssine kharja"
8930;"hrvoje cale"
37550;"hugo almeida"
42388;"hugo campagnaro"
26295;"hugo lloris"
183462;"hugo mallo"
71550;"hugo rodallega"
277347;"hugo rodriguez"
174472;"iago aspas"
37434;"iago bouzon"
161015;"iago falque"
261787;"iago herrerin"
213470;"ibai gomez"
26434;"ibrahim afellay"
369788;"ibrahim amadou"
46265;"ibrahim sissoko"
189922;"ibrahima balde"
362115;"ibrahima mbaye"
58351;"ibrahima traore"
40962;"ibson"
94289;"idir ouali"
190451;"idriss saadi"
179410;"idrissa gana gueye"
112758;"ignacio camacho"
119100;"ignacio fideleff"
206701;"ignacio lores"
26349;"ignacio piatti"
39555;"ignazio abate"
306296;"igor bubnjic"
39488;"igor budan"
25957;"igor de camargo"
37408;"igor gabilondo"
93431;"igor lewczuk"
298327;"igor lichnovsky"
112204;"igor martinez"
24915;"ikechi anya"
38044;"ikechukwu uche"
30657;"iker casillas"
179772;"iker muniain"
37242;"ilan"
355363;"ilir azemi"
46289;"imanol agirretxe"
33827;"inaki goitia"
604105;"inaki williams"
616544;"inigo lekue"
213812;"inigo lopez"
282676;"inigo martinez"
188060;"inigo perez"
177688;"innocent emeghara"
188054;"ioannis fetfatzidis"
33959;"ion ansotegi"
34037;"ireneusz jelen"
4902;"iriney"
161661;"isaac cofie"
213702;"isaac cuenca"
409812;"isaac donkor"
95574;"isaac vorsah"
191315;"isco"
182106;"ishak belfodil"
185704;"ishmael yartey"
291219;"islam slimani"
239965;"isma lopez"
25657;"ismael bangoura"
264085;"ismael diomande"
78411;"ismael traore"
526223;"issa baradji"
258873;"issa cissokho"
696443;"issa diop"
179407;"issam el adoua"
32776;"issam jemaa"
409193;"issiaga sylla"
38951;"issiar dia"
157369;"itay shechter"
264885;"ivan balliu"
361792;"ivan cavaleiro"
22984;"ivan cordoba"
33630;"ivan cuellar"
75395;"ivan hernandez"
106294;"ivan kelava"
30753;"ivan klasnic"
287691;"ivan lopez"
173609;"ivan martic"
150968;"ivan obradovic"
355349;"ivan paurevic"
27677;"ivan pelizzoli"
163670;"ivan perisic"
164033;"ivan pillud"
195190;"ivan piris"
15732;"ivan radovanovic"
25773;"ivan rakitic"
33856;"ivan ramis"
167057;"ivan santini"
128852;"ivan strinic"
375732;"iver fossum"
30764;"ivica olic"
39847;"ivo ilicevic"
163815;"ivo pinto"
177475;"izet hajrovic"
29259;"jaba kankava"
288880;"jack butland"
160243;"jack colback"
109898;"jack collison"
46008;"jack cork"
312765;"jack grealish"
109058;"jack rodwell"
143793;"jack wilshere"
51360;"jackson martinez"
189908;"jackson mendy"
238838;"jacopo sala"
26328;"jacques faty"
187666;"jacques zoua daogari"
37461;"jaime gavilan"
27599;"jaime valdes"
150754;"jaime"
164230;"jaime"
74689;"jaime"
287231;"jairo"
289159;"jak alnwick"
604589;"jake hesketh"
115681;"jake livermore"
188971;"jakob haugaard"
43319;"jakub blaszczykowski"
281158;"jakub swierczok"
279489;"jamaal lascelles"
93984;"jamel saihi"
163200;"james chester"
189075;"james collins"
24751;"james collins"
28901;"james mcarthur"
101192;"james mccarthy"
175947;"james mcclean"
38807;"james milner"
24171;"james morrison"
164684;"james rodriguez"
109897;"james tomkins"
47564;"james troisi"
532741;"james wilson"
286119;"jamie vardy"
94666;"jan hochscheidt"
158879;"jan kirchhoff"
114650;"jan moravek"
177126;"jan oblak"
30949;"jan polak"
43135;"jan polak"
27352;"jan rosenthal"
39840;"jan schlaudraff"
69923;"jan simunek"
37762;"jan vertonghen"
109088;"jan washausen"
278823;"janek sternberg"
463803;"janis ikaunieks"
205893;"jannik vestergaard"
24104;"jaroslav drobny"
30907;"jaroslav plasil"
210932;"jasmin kurtic"
192303;"jason davidson"
566732;"jason denayer"
35345;"jason puncheon"
23134;"jason shackell"
160844;"jaume costa"
489240;"jaume"
42369;"javad nekounam"
128721;"javi castellano"
101982;"javi flores"
74747;"javi fuego"
41467;"javi garcia"
46808;"javi guerra"
268207;"javi hervas"
183498;"javi lara"
185123;"javi lopez"
186122;"javi lopez"
71498;"javi varas"
172324;"javier aquino"
43374;"javier baraja"
38479;"javier calleja"
75474;"javier camunas"
38534;"javier flano"
33963;"javier garrido"
70409;"javier hernandez"
299984;"javier manquillo"
38818;"javier mascherano"
169196;"javier matilla"
33775;"javier paredes"
129391;"javier pastore"
27436;"javier pinola"
37576;"javier saviola"
30460;"javier zanetti"
109491;"jay rodriguez"
40676;"jean calve"
287245;"jean deza"
25572;"jean makoun"
470539;"jean michael seri"
190142;"jed steer"
215766;"jeff louis"
26437;"jefferson farfan"
466672;"jefferson lerma"
52563;"jefferson montero"
184821;"jeffrey bruma"
245315;"jeffrey gouweleeuw"
26010;"jeffrey sarpong"
214570;"jeffrey schlupp"
301456;"jeison murillo"
449666;"jemerson"
97746;"jens grahl"
113340;"jens hegeler"
36322;"jens langeneke"
94164;"jens wemmer"
42598;"jeremain lens"
24753;"jeremie aliadiere"
643229;"jeremie boga"
36123;"jeremie brechet"
26343;"jeremie janot"
39980;"jeremy berthod"
94019;"jeremy choplin"
35499;"jeremy clement"
26403;"jeremy mathieu"
33782;"jeremy menez"
40740;"jeremy morel"
17703;"jeremy perbet"
40537;"jeremy pied"
46338;"jeremy sorbon"
443966;"jeremy toljan"
39990;"jeremy toulalan"
30348;"jermain defoe"
27483;"jermaine jones"
34601;"jermaine pennant"
36183;"jerome boateng"
335436;"jerome gondorf"
41236;"jerome le moigne"
35408;"jerome leroy"
529324;"jerome prior"
32578;"jerome rothen"
244558;"jerome roussillon"
23954;"jerome thomas"
40679;"jerry vandam"
211020;"jerson cabral"
25329;"jesper hansen"
35121;"jesper juelsgaard"
299215;"jesse lingard"
26367;"jessy moulin"
466430;"jessy pi"
18705;"jesus datolo"
33843;"jesus gamez"
33991;"jesus navas"
150574;"jesus rueda"
37448;"jesus vazquez"
291425;"jhon cordoba"
51348;"jhonny mosquera"
117432;"jiloan hamad"
26330;"jimmy briand"
423190;"jimmy cabot"
33421;"jimmy kebe"
97323;"jo inge berget"
473851;"joachim eickmayer"
40599;"joan capdevila"
26164;"joan hartock"
574662;"joan jordan"
173885;"joan oriol"
282284;"joan roman"
37441;"joan verdu"
361757;"joao cancelo"
300916;"joao mario"
37549;"joao moutinho"
164241;"joao pedro"
173630;"joao pedro"
25962;"joao pedro"
375790;"joao pedro"
25990;"joao pereira"
425426;"joao rodriguez"
185432;"joao silva"
488140;"joao teixeira"
319631;"joaquin correa"
96509;"joaquin larrivey"
37824;"joaquin"
47558;"joe allen"
30630;"joe cole"
31432;"joe hart"
22929;"joe ledley"
242094;"joel campbell"
154246;"joel chukwuma obi"
114337;"joel ekstrand"
553598;"joel gerezgiher"
171698;"joel matip"
186054;"joel robles"
146830;"joel ward"
24205;"joey barton"
37756;"johan audel"
37567;"johan cavalli"
30986;"johan djourou"
34261;"johan elmander"
46741;"johan liebus"
167557;"johan martial"
474673;"johan mojica"
129915;"johann berg gudmundsson"
210693;"johann durand"
37087;"johannes flum"
237542;"johannes geis"
40985;"johannes van den bergh"
278831;"john anthony brooks"
24130;"john arne riise"
151009;"john boye"
130298;"john guidetti"
288784;"john jairo ruiz"
30885;"john mensah"
32345;"john obi mikel"
40602;"john ruddy"
263653;"john stones"
30627;"john terry"
208676;"john tshibumbu"
25543;"john utaka"
30839;"johnny heitinga"
103468;"johny placide"
33086;"joleon lescott"
191136;"jon aurtenetxe"
636565;"jon bautista"
449494;"jon errasti"
239856;"jon flanagan"
36841;"jonas de roeck"
33852;"jonas gutierrez"
307210;"jonas hector"
331542;"jonas hofmann"
210142;"jonas martin"
26527;"jonas olsson"
191140;"jonas ramalho"
39122;"jonas"
93361;"jonathan ayite"
466484;"jonathan benteke"
40686;"jonathan biabiany"
26236;"jonathan brison"
625167;"jonathan correia"
113792;"jonathan cristaldo"
24123;"jonathan de guzman"
208984;"jonathan delaplace"
189101;"jonathan dos santos"
46354;"jonathan howson"
682552;"jonathan leko"
215307;"jonathan ligali"
192319;"jonathan mensah"
25830;"jonathan parr"
150644;"jonathan pereira"
38216;"jonathan pitroipa"
193807;"jonathan rivierez"
495107;"jonathan rodriguez"
96645;"jonathan rossini"
240837;"jonathan schmid"
179397;"jonathan tinhan"
213729;"jonathan viera"
41568;"jonathan vila"
33881;"jonathan walters"
32574;"jonathan zebina"
19352;"jonathan"
128732;"jonathas"
209466;"jonathas"
127130;"jonjo shelvey"
43248;"jonny evans"
541557;"jony"
352943;"jordan adeoti"
473853;"jordan amavi"
154280;"jordan ayew"
149895;"jordan bowery"
210119;"jordan ferri"
156008;"jordan henderson"
671644;"jordan leborgne"
17875;"jordan loties"
173462;"jordan lukaku"
706985;"jordan lyden"
303919;"jordan pickford"
261313;"jordan veretout"
150739;"jordi alba"
193223;"jordi amat"
38427;"jordi codina"
172147;"jordi figueras"
118929;"jordi gomez"
280653;"jordon ibe"
149917;"jordon mutch"
209384;"jordy clasie"
257847;"jores okore"
96534;"jorge martinez"
580589;"jorge mere"
2983;"jorge molina"
213482;"jorge pulido"
171338;"jorge teixeira"
25927;"jorginho"
282775;"jorginho"
41987;"jorginho"
94306;"joris delle"
687733;"joris gnagnon"
37787;"joris mathijsen"
45418;"jos hooiveld"
38148;"jose angel crespo"
162497;"jose angel"
213816;"jose angel"
38821;"jose antonio reyes"
213502;"jose campana"
161651;"jose canas"
165607;"jose carlos"
37475;"jose enrique"
26552;"jose fonte"
391058;"jose gaya"
474589;"jose gimenez"
35712;"jose holebas"
185625;"jose luis palomino"
22234;"jose mari"
364244;"jose mari"
470868;"jose mauri"
33101;"jose paolo guerrero"
359190;"jose rodriguez"
35559;"jose saez"
18518;"jose sosa"
38551;"joseba llorente"
239287;"josef martinez"
172321;"joselu"
205307;"joselu"
638029;"josep sene"
38440;"joseph akpala"
317408;"joseph barbato"
568571;"joseph gomez"
292888;"joseph romeric lopy"
24004;"joseph yobo"
239774;"joshua brillante"
460632;"joshua kimmich"
185236;"joshua king"
478997;"joshua nadeau"
194533;"josip drmic"
147951;"josip ilicic"
655544;"josip posavec"
298940;"josip radosevic"
163824;"josue"
19511;"josue"
242872;"josue"
244563;"jota"
427893;"jozabed"
140988;"jozsef varga"
70297;"jozy altidore"
37469;"juan albin"
114601;"juan angel neira"
38398;"juan arango"
282691;"juan bernat"
165773;"juan carlos paredes"
33761;"juan carlos valeron"
215927;"juan carlos"
246422;"juan carlos"
38484;"juan carlos"
155066;"juan cuadrado"
121716;"juan forlin"
41468;"juan mata"
561433;"juan munoz"
25735;"juan pablo carrizo"
51371;"juan pablo pino"
75195;"juan pablo"
207617;"juan quintero"
37449;"juan rodriguez"
239981;"juan sanchez mino"
33634;"juan valera"
39719;"juan vargas"
197352;"juan"
41023;"juan"
150327;"juanan"
103905;"juanfran"
38424;"juanfran"
38451;"juanlu"
41255;"juanlu"
75239;"juanma ortiz"
38889;"juanma"
523387;"juanma"
191873;"juanmi"
66633;"jukka raitala"
59595;"julian baumgartlinger"
516846;"julian brandt"
243164;"julian draxler"
461356;"julian green"
178774;"julian koch"
278815;"julian korb"
213498;"julian luque"
141161;"julian schieber"
36771;"julian schuster"
22998;"julian speroni"
521421;"julian weigl"
264702;"julian wiessmeier"
282680;"julian"
41361;"julien cardy"
33990;"julien escude"
36394;"julien faubert"
40657;"julien faussurier"
46757;"julien feret"
26376;"julien quercia"
602555;"julien romain"
26351;"julien sable"
46345;"julien toudic"
410160;"julien vercauteren"
38822;"julio baptista"
163843;"julio cesar"
30989;"julio cesar"
39401;"julio sergio"
172887;"junior caicara"
51841;"junior diaz"
113465;"junior hoilett"
160496;"junior stanislas"
72518;"juraj kucka"
38178;"juri judt"
23932;"jussi jaaskelainen"
26144;"jussie"
441164;"kaan ayhan"
25856;"kader mangane"
103487;"kafoumba coulibaly"
112035;"kagisho dikgacoi"
29316;"kai herdling"
41044;"kaka"
45352;"kaka"
26098;"kakha kaladze"
210428;"kalidou koulibaly"
43329;"kalu uche"
26251;"kamel chafni"
97489;"kamel ghilas"
150670;"kamil glik"
69541;"kamil grosicki"
27630;"kamil vacek"
105535;"kamil wilczek"
46662;"kandia traore"
46711;"karim ait fana"
465924;"karim azamoum"
208230;"karim bellarabi"
26166;"karim benzema"
26539;"karim el ahmadi"
33065;"karim guede"
36005;"karim haggui"
231093;"karim laribi"
29257;"karim matmour"
176953;"karim onisiwo"
282286;"karim rekik"
163604;"karl darlow"
35466;"karl henry"
361403;"karol linetty"
37770;"kasper schmeichel"
179891;"kassim abdallah"
459493;"kazuki nagasawa"
72656;"keisuke honda"
156097;"keko"
643709;"kelechi iheanacho"
35496;"kelvin davis"
27149;"ken reichel"
469763;"kenan karaman"
467354;"kenedy"
279461;"kenny lala"
30988;"kenwyne jones"
46650;"kevin anin"
210692;"kevin berigaud"
26522;"kevin constant"
169200;"kevin de bruyne"
148948;"kevin diaz"
23291;"kevin doyle"
26392;"kevin gameiro"
155548;"kevin gomis"
94652;"kevin grosskreutz"
185175;"kevin kampl"
307224;"kevin koubemba"
36293;"kevin kratz"
30249;"kevin kuranyi"
299886;"kevin lasagna"
39999;"kevin lejeune"
201938;"kevin malcuit"
303025;"kevin mayi"
350472;"kevin mbabu"
39810;"kevin mckenna"
31963;"kevin mcnaughton"
26151;"kevin mirallas"
23933;"kevin nolan"
114492;"kevin pezzoni"
37552;"kevin phillips"
612405;"kevin soni"
289817;"kevin stewart"
114558;"kevin strootman"
680815;"kevin toner"
145550;"kevin trapp"
167589;"kevin vogt"
212893;"kevin volland"
264221;"kevin wimmer"
51949;"keylor navas"
37401;"khalid boulahrouz"
354491;"khalid boutaib"
277441;"khalid sekkat"
303168;"khassa camara"
184629;"khouma babacar"
79264;"kian hansen"
78513;"kieran gibbs"
30352;"kieran richardson"
191869;"kieran trippier"
108809;"kike sola"
482841;"kingsley boateng"
429265;"kingsley coman"
206182;"knowledge musona"
170322;"koen casteels"
303155;"koffi djidji"
184533;"koke"
211089;"kolbeinn sigthorsson"
30831;"kolo toure"
11242;"konstantin engel"
115670;"konstantin rausch"
209430;"konstantinos fortounis"
282182;"konstantinos stafylidis"
30900;"kossi agassa"
260564;"kossi prince segbefia"
281207;"kurt zouma"
111862;"kwadwo asamoah"
165704;"kyle bartley"
111800;"kyle naughton"
159833;"kyle walker"
101501;"kyriakos papadopoulos"
150297;"lacina traore"
179412;"ladislas douniama"
308088;"lalaina nomenjanahary"
149031;"lamine gassama"
93457;"lamine kone"
41886;"landry bonnefoi"
94041;"larrys mabiala"
37373;"lars bender"
26256;"lars jacobsen"
94916;"lars stindl"
210822;"lars unnerstall"
39971;"larsen toure"
664587;"lassana coulibaly"
177715;"lasse sobiech"
467318;"laszlo kleinheisler"
111190;"laure"
5217;"laurent batlles"
26052;"laurent bonnart"
491167;"laurent dos santos"
46539;"laurent koscielny"
33109;"laurent pionnier"
46295;"lautaro acosta"
280260;"lazar markovic"
24789;"lazaros christodoulopoulos"
183500;"leandro bacuna"
22337;"leandro castan"
202210;"leandro damiao"
41329;"leandro greco"
39569;"leandro rinaudo"
25150;"lee cattermole"
22045;"lee tomlin"
24846;"leighton baines"
196489;"lennart thy"
289155;"lenny nangis"
358127;"leo baptistao"
536584;"leo dubois"
202663;"leo lacroix"
181793;"leo"
25994;"leo"
27314;"leon andreasen"
147726;"leon balogun"
23882;"leon britton"
343748;"leon goretzka"
637199;"leon guwara"
35125;"leon jessen"
24006;"leon osman"
260470;"leonardo bittencourt"
181997;"leonardo blanchard"
24235;"leonardo bonucci"
620523;"leonardo fontanesi"
231176;"leonardo pavoletti"
30534;"leonardo ponzio"
182138;"leonel galeano"
109638;"leroy fer"
23286;"leroy lita"
530859;"leroy sane"
40017;"lesly malouda"
27307;"levan kobiashvili"
104434;"levan mchedlidze"
359202;"levent aycicek"
292454;"levy madinda"
37779;"lewis grabban"
128827;"lewis holtby"
113908;"liam bridcutt"
210804;"liam moore"
23787;"liam ridgewell"
24105;"liam rosenior"
241997;"liassine cadamuro"
150401;"libor kozak"
96838;"lica"
199810;"lindsay rose"
71903;"linus hallenius"
40712;"lionel cappone"
26114;"lionel mathis"
30981;"lionel messi"
38922;"lionel scaloni"
291642;"lionel zouma"
182456;"lisandro lopez"
30536;"lisandro lopez"
169204;"livio nabab"
251243;"lloyd palun"
40675;"lluis sastre"
26353;"loic perrin"
179520;"loic poujol"
39987;"loic remy"
38151;"lolo"
41160;"loosemy karaboue"
150480;"lora"
112476;"lorenzo ariaudo"
192079;"lorenzo crisetig"
42715;"lorenzo davids"
25587;"lorenzo de silvestri"
193441;"lorenzo insigne"
230825;"lorenzo lollo"
104778;"lorenzo pasciuti"
540307;"lorenzo pellegrini"
24454;"lorenzo squizzi"
212643;"lorenzo tonelli"
26171;"lorik cana"
287894;"loris karius"
210922;"loris nery"
311003;"louis poggi"
30735;"louis saha"
42312;"loukas vyntra"
189237;"luc castaignos"
41948;"luca anania"
293205;"luca antei"
46374;"luca antonelli"
39549;"luca antonini"
3377;"luca belingheri"
415308;"luca bittante"
154245;"luca caldirola"
27697;"luca castellazzi"
129763;"luca ceccarelli"
190562;"luca ceppitelli"
603464;"luca checchin"
27671;"luca cigarini"
114475;"luca di matteo"
362119;"luca garritano"
282059;"luca lezzerini"
182606;"luca marrone"
189557;"luca martinelli"
415501;"luca paganini"
42651;"luca rigoni"
300683;"luca rizzo"
74009;"luca rossettini"
111794;"luca siligardi"
30709;"luca toni"
526241;"luca valzania"
18576;"lucas barrios"
38393;"lucas biglia"
46755;"lucas deaux"
210111;"lucas digne"
452269;"lucas evangelista"
504606;"lucas hernandez"
95327;"lucas leiva"
149583;"lucas mendes"
215299;"lucas moura"
194660;"lucas perez"
267380;"lucas piazon"
113769;"lucas pratto"
346004;"lucas silva"
428063;"lucas souza"
612277;"lucas tousart"
359193;"lucas vazquez"
114672;"lucas wilchez"
40964;"lucho gonzalez"
143710;"luciano becchio"
39729;"luciano zauri"
164098;"luciano"
36846;"luciano"
39774;"lucio"
40683;"ludovic baal"
693171;"ludovic blas"
34003;"ludovic butelle"
26045;"ludovic genest"
32572;"ludovic giuly"
26195;"ludovic obraniak"
37173;"luigi bruins"
37537;"luigi giorgi"
163255;"luigi sepe"
190522;"luis advincula"
128045;"luis alberto"
198566;"luis alberto"
183365;"luis farina"
24852;"luis garcia"
30832;"luis garcia"
384374;"luis hernandez"
293074;"luis martins"
97334;"luis moran"
196484;"luis muriel"
185925;"luis pedro cavanda"
33636;"luis perea"
40636;"luis suarez"
115519;"luisinho"
181205;"luisinho"
47041;"luiz adriano"
147729;"luiz gustavo"
356378;"luka djordjevic"
237602;"luka krajnc"
31097;"luka modric"
518628;"lukas haraslin"
176831;"lukas hinterseer"
27568;"lukas jutkiewicz"
37335;"lukas kruse"
32118;"lukas podolski"
182892;"lukas rupp"
184645;"lukas schmitz"
30973;"lukasz fabianski"
13518;"lukasz piszczek"
178732;"lukasz skorupski"
191132;"luke garbutt"
362694;"luke shaw"
213714;"luso"
150201;"luuk de jong"
97699;"lynel kitambala"
30841;"maarten stekelenburg"
112935;"mads albaek"
158962;"magaye gueye"
185389;"magnus wolff eikrem"
37259;"mahamadou diarra"
94318;"mahamane traore"
37048;"mahir saglik"
469701;"mahmoud dahoud"
150041;"maicon"
34305;"maicon"
31614;"maicosuel"
36076;"maik franz"
165608;"maka mary"
30530;"makoto hasebe"
535603;"malcom"
27331;"malik fathi"
94328;"mamadou bah"
94043;"mamadou sakho"
156664;"mamadou samassa"
629579;"mamadou sylla"
72735;"mame biram diouf"
154856;"mana dembele"
37622;"mane"
172899;"manolo gabbiadini"
37474;"manu del moral"
101983;"manu herrera"
40973;"manu"
111975;"manucho"
97319;"manuel arana"
41754;"manuel coppola"
27492;"manuel friedrich"
192574;"manuel giandonato"
178800;"manuel gulde"
49866;"manuel iturra"
210276;"manuel lanzini"
213912;"manuel lucena"
27299;"manuel neuer"
295200;"manuel onwu"
33756;"manuel pablo"
103882;"manuel pamic"
24536;"manuel pasqual"
282723;"manuel pucciarelli"
36186;"manuel schmiedebach"
41887;"manuele blasi"
14521;"maor melikson"
139671;"marc albrighton"
195305;"marc bartra"
21450;"marc bertran"
173382;"marc muniesa"
109087;"marc pfitzner"
26119;"marc planus"
24381;"marc pugh"
355357;"marc stendera"
41166;"marc valiente"
164494;"marc vucinovic"
47418;"marc wilson"
166932;"marcel correia"
45464;"marcel de jong"
36554;"marcel heller"
36057;"marcel ndjeng"
127945;"marcel risse"
94685;"marcel schmelzer"
466357;"marcel tisserand"
30987;"marcell jansen"
96532;"marcello gazzola"
282278;"marcello trotta"
206508;"marcelo brozovic"
49847;"marcelo diaz"
68436;"marcelo estigarribia"
165624;"marcelo larrondo"
20325;"marcelo silva"
280350;"marcelo"
28467;"marcelo"
78908;"marcelo"
13423;"marcin wasilewski"
30713;"marco amelia"
181984;"marco andreolli"
498033;"marco asensio"
362113;"marco benassi"
56992;"marco biagianti"
39447;"marco borriello"
25628;"marco caligiuri"
215723;"marco capuano"
31938;"marco cassetti"
202650;"marco crimi"
215411;"marco da silva"
109338;"marco davide faraoni"
32749;"marco di vaio"
24502;"marco donadel"
49851;"marco estrada"
111897;"marco fabian"
496285;"marco ilaimaharitra"
35643;"marco marchionni"
27720;"marco motta"
73999;"marco parolo"
129944;"marco reus"
41394;"marco rigoni"
25338;"marco rossi"
41760;"marco rossi"
18628;"marco ruben"
27475;"marco russ"
29340;"marco sailer"
79253;"marco sau"
165952;"marco silvestri"
212630;"marco sportiello"
27615;"marco storari"
149909;"marco terrazzino"
199291;"marco van ginkel"
190972;"marco verratti"
41640;"marco zambelli"
196169;"marcos alonso"
18520;"marcos angeleri"
113976;"marcos antonio"
183184;"marcos gullon"
435669;"marcos lopes"
161035;"marcos rojo"
30958;"marcos senna"
75306;"marcos tebar"
101041;"marcos"
39141;"marcus berg"
696365;"marcus rashford"
25922;"marek cech"
41658;"marek hamsik"
423631;"marian sarr"
39415;"mariano andujar"
122047;"mariano"
108808;"mario balotelli"
102619;"mario bermejo"
37380;"mario eggimann"
183185;"mario gaspar"
67306;"mario gavranovic"
27326;"mario gomez"
421786;"mario lemina"
35444;"mario licka"
75447;"mario mandzukic"
446266;"mario pasalic"
282731;"mario rui"
299411;"mario sampirisi"
37631;"mario suarez"
36379;"mario vrancic"
26315;"mario yepes"
70440;"marius alexe"
434259;"marius gersbeck"
41667;"marius stankevicius"
556029;"marius wolf"
294490;"mariusz stepinski"
5440;"marjan petkovic"
24579;"mark bunn"
22988;"mark hudson"
37169;"mark noble"
30633;"mark schwarzer"
212819;"mark uth"
38244;"mark van bommel"
102622;"markel bergara"
96619;"markel susaeta"
110148;"marko arnautovic"
358759;"marko bakic"
30563;"marko basa"
206242;"marko livaja"
71353;"marko marin"
36035;"markus feulner"
157101;"markus henriksen"
230910;"markus mendler"
30827;"markus rosenberg"
45254;"markus suttner"
667787;"marlon frey"
25537;"marouane chamakh"
39618;"marouane fellaini"
128020;"marquinho"
267365;"marquinhos"
198559;"marten de roon"
68260;"marti crespi"
213699;"marti riverola"
39000;"martin amedick"
413155;"martin angha"
169865;"martin braithwaite"
96616;"martin caceres"
30459;"martin demichelis"
27234;"martin harnik"
195207;"martin hinteregger"
154271;"martin kelly"
275328;"martin kobylanski"
38188;"martin lanig"
25644;"martin latka"
213688;"martin montoya"
25667;"martin olsson"
33633;"martin petrov"
22764;"martin skrtel"
40735;"martin stranzl"
269666;"marvin bakalorz"
27411;"marvin compper"
343757;"marvin ducksch"
28108;"marvin emnes"
530858;"marvin friedrich"
147958;"marvin martin"
27550;"marvin matip"
38794;"marvin ogunjimi"
229759;"marvin plattenhardt"
553555;"marvin schulz"
181242;"marvin sordell"
114737;"marwin hitz"
155278;"masahudu alhassan"
30744;"masoud shojaei"
240236;"massadio haidara"
74354;"massimiliano benassi"
74382;"massimiliano carlini"
32751;"massimo ambrosini"
239352;"massimo bruno"
150389;"massimo coda"
39194;"massimo donati"
33816;"massimo gobbi"
30284;"massimo maccarone"
39340;"massimo mutarelli"
30711;"massimo oddo"
37508;"massimo paci"
96646;"massimo volta"
34582;"mate bilic"
196308;"matej vydra"
239219;"mateo kovacic"
159452;"mateo pavlovic"
267008;"matheus carvalho"
522651;"matheus pereira"
198400;"mathias abero"
71788;"mathias ranegie"
26155;"mathieu bodmer"
40685;"mathieu coutadeur"
26154;"mathieu debuchy"
229855;"mathieu deplagne"
111787;"mathieu dossevi"
210466;"mathieu duhamel"
23688;"mathieu flamini"
186811;"mathieu gorgelin"
40060;"mathieu valbuena"
120428;"mathis bolly"
202790;"matias aguirregaray"
120221;"matias cabrera"
47373;"matias fernandez"
412762;"matias kranevitter"
110883;"matias rodriguez"
18823;"matias silvestre"
206322;"matias vecino"
213485;"matija nastasic"
36388;"mats hummels"
478357;"matt grimes"
458324;"matt miazga"
155913;"matt ritchie"
538112;"matt targett"
279820;"matteo bianchetti"
39376;"matteo brighi"
42005;"matteo centurioni"
182715;"matteo ciofani"
27668;"matteo contini"
46820;"matteo darmian"
448321;"matteo fedele"
415113;"matteo mancosu"
415539;"matteo politano"
73845;"matteo rubin"
24773;"matthew etherington"
173408;"matthew james"
185014;"matthew leckie"
183715;"matthew lowton"
516273;"matthew pennington"
127133;"matthew phillips"
24372;"matthew taylor"
303912;"matthias ginter"
27521;"matthias henn"
36086;"matthias lehmann"
240348;"matthias ostrzolek"
182893;"matthias zimmermann"
40543;"matthieu chalme"
27320;"matthieu delpierre"
179769;"matthieu sans"
154228;"matthieu saunier"
67300;"matti lund nielsen"
39422;"mattia cassani"
288613;"mattia de sciglio"
154249;"mattia destro"
318618;"mattia maggio"
181910;"mattia perin"
244809;"mattia valoti"
570956;"maurice hirsch"
346379;"mauricio cuero"
109298;"mauricio isla"
35575;"mauricio pinilla"
128036;"mauricio"
43289;"mauricio"
41318;"maurizio domizzi"
27678;"maurizio lanzaro"
41380;"maurizio lauro"
625340;"mauro arambarri"
18859;"mauro boselli"
26253;"mauro cetto"
113311;"mauro dos santos"
113631;"mauro formica"
206711;"mauro goicoechea"
282770;"mauro icardi"
18506;"mauro zarate"
531014;"max christiansen"
58346;"max kruse"
425963;"max meyer"
33640;"maxi lopez"
46645;"maxime baca"
179415;"maxime barthelme"
210389;"maxime colin"
263511;"maxime dupe"
182923;"maxime gonalons"
173952;"maxime le marchand"
166575;"maxime lestienne"
352833;"maxime poundje"
562685;"maxime spano"
298915;"maximilian arnold"
602523;"maximilian eggestein"
29356;"maximilian nicu"
532738;"maximilian philipp"
34304;"maxwell"
72665;"maya yoshida"
111865;"maynor figueroa"
30964;"maza"
46241;"mbaye niang"
40428;"mcdonald mariga"
301234;"mehdi abeid"
46875;"mehdi benatia"
210405;"mehdi courgnaud"
32999;"mehdi lacen"
143757;"mehdi mostefa"
303358;"mehdi zeffane"
141396;"mehmet ekici"
39782;"mehmet topal"
315058;"melker hallberg"
493160;"melvyn lorenzen"
303824;"memphis depay"
9079;"mensur mujdza"
28435;"mergim mavraj"
136516;"mervan celik"
26374;"mevlut erdinc"
191788;"mexer"
24208;"micah richards"
42502;"michael agazzi"
30699;"michael ballack"
111909;"michael basser chretien"
26472;"michael bradley"
34944;"michael carrick"
40001;"michael ciani"
24531;"michael dawson"
280472;"michael doughty"
43252;"michael duff"
30675;"michael essien"
304860;"michael frey"
198316;"michael gregoritsch"
214617;"michael hector"
464500;"michael heinloth"
290410;"michael keane"
32148;"michael kightly"
34698;"michael lumb"
29673;"michael mancienne"
187109;"michael ortega"
70288;"michael parkhurst"
200630;"michael pereira"
27284;"michael rensing"
34275;"michael turner"
158545;"michail antonio"
43210;"michal kadlec"
20401;"michel bastos"
92532;"michel morganella"
37193;"michel vorm"
150316;"michel"
186676;"michel"
78404;"michel"
97502;"michelangelo albertazzi"
239213;"michele camporese"
24403;"michele canini"
39694;"michele ferri"
458660;"michele fornasier"
37520;"michele paolucci"
24546;"michele pazienza"
118528;"michu"
248689;"michy batshuayi"
184576;"mickael firmin"
30742;"mickael landreau"
200509;"mickael le bihan"
518538;"mickael leca"
497763;"mickael malsa"
93478;"mickael pote"
46448;"mickael tacalfred"
73977;"migjen basha"
38886;"miguel angel de las cuevas"
33845;"miguel angel moya"
33666;"miguel angel"
114769;"miguel britos"
33865;"miguel flano"
71724;"miguel layun"
150080;"miguel lopes"
38449;"miguel pallardo"
41470;"miguel torres"
40608;"miguel veloso"
34007;"miguel"
80229;"miiko albornoz"
448859;"mijat gacinovic"
42308;"mikael antonsson"
200601;"mikael ishak"
30616;"mikael silvestre"
37042;"mike frantz"
30854;"mike hanke"
20645;"mike havenaar"
466439;"mike maignan"
264860;"mike van der hoorn"
75616;"mikel arruabarrena"
24011;"mikel arteta"
154938;"mikel balenziaga"
33960;"mikel gonzalez"
33961;"mikel labaka"
43375;"mikel rico"
38559;"mikel saizar"
182224;"mikel san jose"
150770;"miku"
141699;"milan badelj"
40016;"milan bisevac"
108381;"milan djuric"
119702;"milan gajic"
504033;"milan gajic"
140963;"milan milanovic"
43223;"milan petrzela"
309328;"milan skriniar"
8985;"mile jedinak"
38848;"milivoje novakovic"
27500;"milorad pekovic"
387727;"milos jojic"
31314;"milos krasic"
92263;"milos ninkovic"
515333;"milos veljkovic"
96398;"miralem pjanic"
19327;"miranda"
74229;"mirko antenucci"
113902;"mirko boland"
71350;"mirko eramo"
415500;"mirko gori"
41688;"mirko valdifiori"
38717;"mirko vucinic"
114211;"miro varvodic"
30638;"miroslav klose"
198607;"miroslav stevanovic"
36395;"miso brecko"
69149;"mitchell langerak"
298823;"mitchell weiser"
30496;"mladen petric"
39331;"modibo diakite"
91560;"modibo maiga"
313668;"modou barrow"
41319;"mody traore"
147733;"mohamed amsif"
40015;"mohamed diame"
339992;"mohamed elneny"
541556;"mohamed fares"
26402;"mohamed fofana"
601592;"mohamed gouaida"
466143;"mohamed larbi"
292462;"mohamed salah"
303334;"mohamed yattara"
35990;"mohamed zidan"
29145;"mohammed abdellaoue"
215079;"mohammed abu"
21751;"mohammed rabiu"
262592;"moi gomez"
514850;"moi"
279873;"molla wague"
37510;"momo"
41232;"morgan amalfitano"
32746;"morgan de sanctis"
355901;"morgan sanson"
46893;"morgan schneiderlin"
39191;"moris carrozzieri"
171091;"moritz hartmann"
212892;"moritz leitner"
26928;"moritz stoppelkamp"
354482;"mory kone"
352860;"mouez hassen"
26354;"mouhamadou dabo"
35497;"mounir el hamdaoui"
41332;"mounir obbadi"
41008;"moussa dembele"
509148;"moussa dembele"
119118;"moussa gueye"
275122;"moussa konate"
195414;"moussa kone"
643672;"moussa kone"
94550;"moussa sissoko"
26332;"moussa sow"
71651;"mu kanazaki"
261597;"muamer tankovic"
212866;"muhamed besic"
522579;"munir el haddadi"
37986;"mustapha diallo"
134221;"mustapha yatabare"
120845;"nabil bahoui"
500520;"nabil bentaleb"
38336;"nabil dirar"
46621;"nabil el zhar"
469852;"nabil fekir"
301809;"nabil ghilas"
110189;"nacer chadli"
242477;"nacho cases"
38521;"nacho monreal"
32865;"nacho novo"
614449;"nadiem amiri"
213820;"nagore"
120132;"nahuel valentini"
265275;"naldo"
28480;"naldo"
210128;"nampalys mendy"
37154;"nando rafael"
40945;"nani"
38507;"nano"
417068;"nathan ake"
139673;"nathan baker"
23305;"nathan dyer"
201664;"nathan redmond"
303165;"nathan sinkala"
157838;"nathaniel clyne"
40775;"natxo insa"
75001;"nauzet aleman"
391064;"neal maupay"
24209;"nedum onuoha"
102356;"neil taylor"
156556;"nelson oliveira"
101091;"nelson"
31303;"nelson"
40610;"nelson"
115067;"nemanja matic"
157288;"nemanja pejcinovic"
425985;"nemanja radoja"
30865;"nemanja vidic"
121044;"nenad krsticic"
144999;"nenad tomovic"
34633;"nene"
37429;"nene"
39711;"nery castillo"
38539;"nestor susaeta"
164319;"neto"
176186;"neto"
202108;"neuton"
71399;"neven subotic"
19533;"neymar"
181998;"niccolo giannetti"
27157;"nick proschwitz"
38907;"nicki bille nielsen"
36410;"nicklas bendtner"
517346;"nico elvedi"
42601;"nico pulzetti"
212960;"nico schulz"
186764;"nicola bellomo"
41809;"nicola belmonte"
618879;"nicola dal monte"
213299;"nicola leali"
41412;"nicola legrottaglie"
281760;"nicola murru"
39567;"nicola pavarini"
24491;"nicola pozzi"
41405;"nicola ravaglia"
57123;"nicola rigoni"
195199;"nicola sansone"
37804;"nicolas anelka"
230900;"nicolas benezet"
45457;"nicolas bertolo"
113774;"nicolas bianchi arce"
212697;"nicolas blandi"
30928;"nicolas burdisso"
259507;"nicolas castillo"
181197;"nicolas de preville"
26523;"nicolas douchez"
46701;"nicolas farina"
26156;"nicolas fauvergue"
164031;"nicolas gaitan"
174321;"nicolas otamendi"
198277;"nicolas pallois"
38385;"nicolas pareja"
41301;"nicolas penneteau"
11324;"nicolas seube"
68404;"nicolas viola"
541820;"nicolo barella"
73841;"nicolo cherubin"
30598;"nigel de jong"
31294;"niki zimling"
8922;"nikica jelavic"
106369;"nikita rukavytsya"
169015;"niklas hult"
46078;"niklas moisander"
425962;"niklas stark"
36000;"niko bungert"
38820;"niko kranjcar"
140965;"nikola djurdjic"
21613;"nikola kalinic"
253088;"nikola maksimovic"
36806;"nikolce noveski"
70949;"nikos karabelas"
638105;"nili"
104404;"nill de pauw"
25986;"nilmar"
107920;"nils petersen"
37489;"nino"
202471;"noe dussenne"
559063;"nolan mbemba"
134232;"nolan roux"
213486;"nolito"
317569;"nono"
291655;"norbert gyomber"
46120;"nordin amrabat"
36326;"norman theuerkauf"
27365;"nuri sahin"
213743;"nwankwo obiorah"
37799;"obafemi martins"
140982;"odair fortes"
101419;"odion ighalo"
177891;"odise roshi"
304355;"odisseas vlachodimos"
317717;"ogenyi onazi"
198217;"ognjen vranjes"
30692;"oguchi onyewu"
72542;"oier"
27467;"oka nikolov"
229844;"ola john"
39139;"ola toivonen"
36253;"olcay sahan"
38778;"oleksandr iakovenko"
29276;"oliver barth"
178778;"oliver baumann"
39022;"oliver fink"
27418;"oliver kirch"
184105;"oliver kragl"
303913;"oliver sorg"
316771;"oliver torres"
277705;"oliver"
46256;"olivier auriac"
33129;"olivier blondel"
613715;"olivier boscagli"
46469;"olivier giroud"
41877;"olivier kapo"
625164;"olivier kemen"
671159;"olivier ntcham"
40054;"olivier occean"
26241;"olivier sorin"
26333;"olivier sorlin"
41103;"olivier veigneau"
25522;"omar daf"
155257;"omar el kaddouri"
240539;"omar elabdellaoui"
120915;"omar kossoko"
359191;"omar mascarell"
109615;"omer toprak"
128209;"ondrej celustka"
229723;"ondrej petrak"
41120;"onyekachi apam"
360166;"opa nguette"
13033;"orestis karnezis"
159386;"orhan ademi"
37653;"oriol riera"
212470;"oriol romeu"
181297;"oscar de marcos"
80500;"oscar diaz"
209922;"oscar duarte"
40728;"oscar ewolo"
211091;"oscar hiljemark"
33892;"oscar serrano"
21414;"oscar trejo"
33579;"oscar wendt"
128864;"oscar"
188531;"osmar barba"
52265;"oswaldo vizcarrondo"
243425;"ouasim bouy"
46689;"oumar sissoko"
159352;"ousmane coulibaly"
692984;"ousmane dembele"
95434;"oussama assaidi"
360560;"oussama tannane"
37447;"pablo alvarez"
190030;"pablo andres gonzalez"
49860;"pablo armero"
70865;"pablo barrera"
18733;"pablo barrientos"
37350;"pablo caceres"
151075;"pablo cendros"
208672;"pablo chavarria"
130118;"pablo de blasis"
683450;"pablo fornals"
246177;"pablo hernandez"
2802;"pablo hernandez"
407786;"pablo hervias"
30903;"pablo ibanez"
298157;"pablo iniguez"
410656;"pablo insua"
426670;"pablo martinez"
40165;"pablo osvaldo"
541558;"pablo perez"
46384;"pablo piatti"
240054;"pablo sarabia"
30509;"pablo zabaleta"
150491;"pablo"
214452;"pablo"
37654;"paco montanes"
197514;"pajtim kasami"
39450;"panagiotis kone"
110378;"panagiotis tachtsidis"
26406;"pantxi sirieix"
39696;"paolo bianco"
32769;"paolo cannavaro"
39490;"paolo castellini"
41892;"paolo de ceglie"
184653;"paolo grossi"
39423;"paolo hernan dellafiore"
33706;"paolo sammarco"
192905;"pape abdou camara"
193866;"papy djilobodji"
26242;"pascal berenguer"
167008;"pascal gross"
79256;"pasquale schiattarella"
358149;"patric"
32569;"patrice evra"
302241;"patrick bamford"
36130;"patrick ebert"
179404;"patrick ekeng ekeng"
27556;"patrick helmes"
192625;"patrick herrmann"
575780;"patrick mcnair"
27472;"patrick ochs"
30255;"patrick owomoyela"
278865;"patrick rakovsky"
527549;"patrick roberts"
180330;"patrick van aanholt"
141082;"patrick ziegler"
39965;"paul baysse"
602493;"paul bernardoni"
308932;"paul dummett"
24781;"paul konchesky"
40132;"paul mcshane"
173509;"paul papp"
248453;"paul pogba"
25005;"paul scharner"
520342;"paul seguin"
26618;"paul verhaegh"
280970;"paulao"
45237;"paulao"
536526;"paulin puel"
114971;"paulinho"
25766;"paulinho"
27613;"paulinho"
361377;"paulinho"
362665;"paulinho"
97463;"paulinho"
25924;"paulo assuncao"
31103;"paulo da silva"
325916;"paulo dybala"
278285;"paulo gazzaniga"
39105;"paulo machado"
212156;"pavel kaderabek"
10950;"pavel krmas"
41244;"pavel pogrebnyak"
16493;"pavle ninkov"
176682;"pavol bajza"
72448;"pavol farkas"
212377;"pawel olkowski"
206695;"pawel wszolek"
114724;"pedrinho"
291635;"pedro bigas"
304856;"pedro henrique"
75192;"pedro leon"
37597;"pedro lopez"
163919;"pedro mba obiang"
154264;"pedro mendes"
30585;"pedro mendes"
50473;"pedro morales"
40668;"pedro mosquera"
35638;"pedro munitis"
660010;"pedro pereira"
96854;"pedro pereira"
75619;"pedro rios"
27419;"peer kluge"
243827;"pelle jensen"
172901;"peniel kokou mlapa"
25921;"pepe"
429224;"pepe"
35606;"per mertesacker"
40093;"per nilsson"
39487;"perparim hetemaj"
193202;"petar sliskovic"
30830;"peter crouch"
26545;"peter niemeyer"
25550;"peter odemwingie"
12330;"peter pekarik"
23806;"peter whittingham"
30859;"petr cech"
10967;"petr jiracek"
535600;"petros"
36786;"phil bardsley"
23268;"phil jagielka"
186137;"phil jones"
276700;"philip heise"
134217;"philipp bargfrede"
177941;"philipp hosiner"
30894;"philipp lahm"
488298;"philipp max"
664585;"philipp ochs"
200962;"philipp wollscheid"
135247;"philipp zulechner"
184536;"philippe coutinho"
30890;"philippe senderos"
553849;"pierluigi gollini"
171472;"pierre bengtsson"
27120;"pierre de wit"
310836;"pierrick capelle"
185618;"pierrick cros"
179893;"pierrick valdivia"
39106;"piotr trochowski"
362212;"piotr zielinski"
34267;"pirmin schwegler"
43372;"piti"
186748;"pizzi"
174031;"pontus jansson"
562035;"presnel kimpembe"
94321;"prince oniangue"
30358;"prince tagoe"
68813;"przemyslaw tyton"
562721;"quentin cornette"
46891;"quentin othon"
26410;"quentin westberg"
359194;"quini"
314820;"quique rivero"
278338;"rachid alioui"
210120;"rachid ghezzal"
438456;"rade krunic"
41433;"radja nainggolan"
43208;"radoslav zabavnik"
184623;"rafa garcia"
20329;"rafael dias"
19285;"rafael marques"
30740;"rafael marquez"
211118;"rafael martins"
26157;"rafael schmitz"
127374;"rafael toloi"
30840;"rafael van der vaart"
105828;"rafael"
172157;"rafael"
38994;"rafael"
522846;"rafael"
206793;"rafal wolski"
25819;"raffael"
80126;"raffaele bianco"
193439;"raffaele maiello"
41413;"raffaele palladino"
189283;"raffaele pucino"
5223;"raffaele rubino"
308843;"rafidine abdullah"
242469;"rafinha"
27303;"rafinha"
49451;"rafinha"
38406;"rafita"
26660;"ragnar klavan"
246575;"raheem sterling"
399549;"raman chibsah"
79574;"ramires"
213878;"ramiro funes mori"
362855;"ramon azeez"
559065;"ramy bensebaini"
304348;"rani khedira"
231811;"raoul loe"
352994;"raphael guerreiro"
215170;"raphael holzhauser"
230982;"raphael varane"
94139;"raphael wolf"
477471;"raul albentosa"
34029;"raul albiol"
33898;"raul bravo"
50651;"raul fernandez"
96618;"raul fernandez"
33871;"raul garcia"
292313;"raul jimenez"
477498;"raul lizoain"
173965;"raul navas"
230993;"raul rodriguez"
103386;"raul rusescu"
32764;"raul tamudo"
30655;"raul"
498603;"raul"
231804;"ravel morrison"
40220;"razvan rat"
570760;"reece burke"
575789;"reece oxford"
750435;"rees greenwood"
33817;"reginaldo"
508421;"reginaldo"
210115;"remi mulumba"
427855;"remi walter"
201704;"remo freuler"
199834;"remy cabella"
40714;"remy riou"
26167;"remy vercoutre"
121960;"renan"
19435;"renan"
202215;"renan"
34681;"renato augusto"
40020;"renato civelli"
589344;"renato sanches"
26051;"renaud cohade"
27424;"rene adler"
170667;"rene krhin"
32597;"reto ziegler"
11329;"reynald lemaitre"
57082;"ribair rodriguez"
50189;"ricardo alvarez"
30911;"ricardo carvalho"
30914;"ricardo costa"
34183;"ricardo faty"
432591;"ricardo horta"
518373;"ricardo kishna"
75371;"ricardo leon"
306128;"ricardo pereira"
115591;"ricardo rodriguez"
23936;"ricardo vaz te"
24590;"ricardo"
24591;"ricardo"
301804;"ricardo"
30855;"ricardo"
96836;"ricardo"
104744;"riccardo cazzola"
364532;"riccardo fiamozzi"
414854;"riccardo gagliolo"
288591;"riccardo improta"
42437;"riccardo meggiorini"
24507;"riccardo montolivo"
212645;"riccardo saponara"
24211;"richard dunne"
38728;"richard socrier"
46549;"richard soumah"
240338;"richard strebinger"
198583;"richmond boakye"
39225;"rickie lambert"
116750;"ricky van wolfswinkel"
462004;"rico strieder"
95225;"rinaldo cruzado"
39303;"rincon"
30620;"rio ferdinand"
32575;"rio mavuba"
67850;"ritchie de laet"
278343;"riyad mahrez"
103686;"robbie kruse"
39474;"robert acquafresca"
555385;"robert bauer"
158297;"robert beric"
23979;"robert elliot"
36374;"robert green"
155262;"robert gucher"
38899;"robert huth"
489245;"robert ibanez"
40055;"robert koren"
93447;"robert lewandowski"
212875;"robert mak"
32728;"robert snodgrass"
71017;"robert tesche"
120076;"robert zillner"
74752;"roberto canella"
474668;"roberto chen"
41864;"roberto colombo"
415024;"roberto crivello"
242709;"roberto firmino"
485634;"roberto gagliardini"
39426;"roberto guana"
34114;"roberto hilbert"
212770;"roberto inglese"
46391;"roberto lago"
210278;"roberto pereyra"
104382;"roberto rosales"
37506;"roberto soldado"
181995;"roberto soriano"
300623;"roberto torres"
75004;"roberto trashorras"
42434;"roberto vitiello"
112424;"roberto"
25604;"roberto"
282529;"roberto"
37623;"roberto"
259296;"robin knoche"
279392;"robin quaison"
442575;"robin szarka"
30843;"robin van persie"
177057;"robinho"
33974;"robinho"
26307;"rod fanni"
179516;"roderic filippi"
181548;"roderick miranda"
103089;"rodnei"
161682;"rodney strasser"
196188;"rodri"
401095;"rodrigo aguirre"
324578;"rodrigo de paul"
244963;"rodrigo ely"
30991;"rodrigo palacio"
27695;"rodrigo taddei"
193869;"rodrigo"
289257;"rodrigo"
26588;"roel brouwers"
34193;"roger johnson"
303088;"roger"
34675;"roger"
38363;"roland lamah"
570431;"rolando aarons"
27690;"rolando bianchi"
577911;"rolando mandragora"
31300;"rolando"
92024;"rolf feltscher"
434265;"romain achilli"
210398;"romain alessandrini"
94009;"romain bregerie"
41189;"romain danze"
93485;"romain genevois"
167555;"romain grange"
179845;"romain hamouma"
420867;"romain philippoteaux"
26371;"romain pitau"
33344;"romain poyet"
26028;"romain rocchi"
292678;"romain saiss"
33431;"romain salin"
93358;"romain thomas"
11027;"roman hubnik"
27358;"roman weidenfeller"
31014;"romaric"
181276;"romelu lukaku"
30601;"romeo castelen"
57114;"romulo togni"
178603;"romulo"
30602;"ron vlaar"
40022;"ronald zubar"
182849;"ronaldo"
33546;"ronan le crom"
45400;"ronnie schwartz"
276676;"ronny garbuschewski"
331625;"ronny marcos"
276708;"ronny philp"
40605;"ronny"
292262;"roque mesa"
30646;"roque santa cruz"
215384;"ross barkley"
38880;"ross wallace"
11778;"roversio"
39379;"roy beerens"
26199;"roy contout"
396526;"ruben blanco"
168390;"ruben botta"
96652;"ruben castro"
358138;"ruben duarte"
384413;"ruben garcia"
150045;"ruben micael"
39537;"ruben olivera"
282678;"ruben pardo"
2805;"ruben perez"
213711;"ruben rochina"
74734;"ruben suarez"
318526;"ruben vezo"
33607;"ruben"
37656;"ruben"
42702;"rubinho"
107415;"rudy gestede"
33448;"rudy haddad"
41315;"rudy mater"
11336;"rudy riou"
159598;"rui fonte"
164227;"rui sampaio"
24903;"russell martin"
34602;"ruud van nistelrooy"
155623;"ryad boudebouz"
30915;"ryan babel"
72417;"ryan bennett"
46010;"ryan bertrand"
42594;"ryan donk"
24154;"ryan giggs"
160448;"ryan mason"
172615;"ryan mendes"
40695;"ryan shawcross"
24890;"ryan taylor"
248454;"ryan tunnicliffe"
279181;"saber khalifa"
303339;"sadio mane"
491883;"said benrahma"
45473;"saidi ntibazonkiza"
239807;"saido berahino"
240367;"salif sane"
239061;"salih ucan"
26391;"salim arrache"
198593;"saliou ciss"
31906;"salomon kalou"
477604;"salva ruiz"
102879;"salva sevilla"
394824;"salvador ichazo"
39509;"salvatore aronica"
37526;"salvatore bocchetti"
39391;"salvatore masiello"
27659;"salvatore sirigu"
502421;"sam gallagher"
46898;"sam vokes"
192807;"samba diakite"
166917;"sambou yatabare"
303906;"samed yesil"
38364;"sami allagui"
42346;"sami khedira"
42422;"samir handanovic"
26181;"samir nasri"
41045;"samir ujkani"
453324;"samir"
77773;"sammir"
264840;"sammy ameobi"
543312;"samu"
667952;"samu"
94013;"samuel bouhours"
176299;"samuel inkoom"
184520;"samuel souprayen"
210117;"samuel umtiti"
208493;"samuel"
195589;"samuele longo"
210403;"sanaa altama"
477615;"sandro ramirez"
162680;"sandro sirigu"
36889;"sandro wagner"
150036;"sandro"
156727;"sandro"
164341;"sandro"
290022;"sanjin prcic"
428947;"santi mina"
196205;"santiago garcia"
18945;"santiago gentiletti"
113762;"santiago morero"
188540;"santiago vergini"
199833;"saphir taider"
36181;"sascha burchert"
31290;"sascha riether"
213712;"saul berjon"
309334;"saul niguez"
33844;"saul"
92215;"savvas gentsoglou"
37240;"scott arfield"
23837;"scott dann"
24223;"scott parker"
23991;"scott sinclair"
304345;"sead kolasinac"
77690;"seamus coleman"
27310;"sebastian boenisch"
165526;"sebastian coates"
306407;"sebastian cristoforo"
150296;"sebastian dubarbier"
38746;"sebastian eguren"
89079;"sebastian eriksson"
37389;"sebastian freis"
96540;"sebastian giovinco"
167065;"sebastian jung"
30707;"sebastian kehl"
448806;"sebastian kerk"
95081;"sebastian langkamp"
35443;"sebastian larsson"
21410;"sebastian leto"
128689;"sebastian mielitz"
212959;"sebastian neumann"
178833;"sebastian polter"
141370;"sebastian rode"
119525;"sebastian rudy"
38725;"sebastian schindzielorz"
27366;"sebastian tyrala"
26209;"sebastien bassong"
165583;"sebastien corchia"
41101;"sebastien grax"
38795;"sebastien pocognoli"
26244;"sebastien puygrenier"
33446;"sebastien roudet"
33812;"sebastien squillaci"
448540;"sehrou guirassy"
36011;"sejad salihovic"
602211;"seko fofana"
31453;"sekou baradji"
66890;"senad lulic"
121093;"sercan sararer"
36146;"serdar tasci"
195299;"serge aurier"
26221;"serge gakpe"
385437;"serge gnabry"
282472;"sergi darder"
193224;"sergi enrich"
358148;"sergi gomez"
212472;"sergi roberto"
37412;"sergio aguero"
202639;"sergio alvarez"
246201;"sergio alvarez"
96623;"sergio asenjo"
33847;"sergio ballesteros"
154257;"sergio busquets"
150649;"sergio canales"
209950;"sergio escudero"
27657;"sergio floccari"
38578;"sergio garcia"
74771;"sergio mantecon"
213483;"sergio marcos"
102630;"sergio pelegrin"
24448;"sergio pellissier"
39834;"sergio pinto"
30962;"sergio ramos"
300532;"sergio rico"
109060;"sergio romero"
28439;"sergio sanchez"
38520;"sergio sanchez"
182928;"sergio tejera"
30271;"sergio"
79187;"seydou doumbia"
26146;"seydou keita"
23293;"shane long"
451983;"shani tarashaj"
41061;"shaun maloney"
278864;"shawn parker"
24224;"shay given"
608125;"sheyi ojo"
144993;"shinji kagawa"
20694;"shinji okazaki"
184999;"shkodran mustafi"
24225;"shola ameobi"
25525;"siaka tiene"
121872;"sidnei"
164367;"sidnei"
160370;"sidney govou"
71560;"sidney sam"
279185;"sidy kone"
103899;"siem de jong"
26364;"sigamary diarra"
275034;"silvan widmer"
40187;"silvestre varela"
213106;"silvio romero"
150081;"silvio"
105351;"simao"
30663;"simao"
178120;"sime vrsaljko"
24693;"simeon jackson"
298163;"simon falette"
35515;"simon francis"
27503;"simon jentzsch"
35112;"simon kjaer"
42583;"simon laner"
37868;"simon mignolet"
26797;"simon poulsen"
26335;"simon pouplin"
27429;"simon rolfes"
94329;"simon zenke"
238438;"simon zoller"
111818;"simone benedetti"
42003;"simone bentivoglio"
128803;"simone colombi"
22305;"simone farelli"
39206;"simone loria"
27685;"simone missiroli"
42645;"simone padoin"
362114;"simone pasa"
39232;"simone pepe"
30747;"simone perrotta"
37522;"simone pesce"
111739;"simone romagnoli"
423223;"simone scuffet"
24456;"simone tiribocchi"
187360;"simone verdi"
24854;"simone vergassola"
166595;"simone zaza"
139806;"sinisa andjelkovic"
75398;"sisi"
13428;"slawomir peszko"
361793;"slimane sissoko"
109280;"sloan privat"
119838;"slobodan medojevic"
93064;"slobodan rajkovic"
27330;"sofian chahed"
365672;"sofiane boufal"
93480;"sofiane feghouli"
292978;"somalia"
33790;"somen tchoyi"
23839;"sone aluko"
212814;"sonny kittel"
39032;"sotirios kyrgiakos"
41124;"souleymane camara"
38703;"souleymane diawara"
362110;"souleymane doukara"
36389;"srdjan lakic"
38802;"steed malbranque"
11320;"steeve elana"
303360;"steeve yago"
94008;"steeven langil"
38647;"stefan aigner"
31318;"stefan babovic"
193901;"stefan bell"
188555;"stefan de vrij"
31199;"stefan kiessling"
469705;"stefan kutschke"
433951;"stefan lex"
196203;"stefan mitrovic"
58354;"stefan reinartz"
38190;"stefan reisinger"
268261;"stefan ristovski"
178955;"stefan savic"
183548;"stefan scepovic"
243493;"stefan thesker"
29631;"stefano celozzi"
22386;"stefano ferrario"
24484;"stefano lucchini"
25594;"stefano mauri"
27610;"stefano morrone"
27696;"stefano okaka chuka"
364104;"stefano sabelli"
39477;"stefano sorrentino"
244966;"stefano sturaro"
38805;"stephan andersen"
161328;"stephan el shaarawy"
145545;"stephan hain"
30474;"stephan lichtsteiner"
432447;"stephan raheriharimanana"
38181;"stephan schrock"
266995;"stephane bahoken"
36396;"stephane dalmat"
33116;"stephane darbion"
30823;"stephane grichting"
41097;"stephane ruffier"
33468;"stephane sessegnon"
562995;"stephane sparagna"
24213;"stephen ireland"
259810;"stephen kingsley"
21864;"stephen quinn"
33138;"stephen ward"
92666;"stevan jovetic"
156013;"steve cook"
24227;"steve harper"
31293;"steve mandanda"
23283;"steve sidwell"
25815;"steve von bergen"
209786;"steven berghuis"
176889;"steven caulker"
30811;"steven cherundolo"
23792;"steven davis"
39631;"steven defour"
32627;"steven fletcher"
30618;"steven gerrard"
444000;"steven moreira"
93458;"steven mouyokolo"
32705;"steven naismith"
109621;"steven nzonzi"
210402;"steven paulle"
36012;"steven pienaar"
23922;"steven reid"
24228;"steven taylor"
32616;"steven whittaker"
140819;"steven zuber"
30892;"stewart downing"
401343;"stipe perica"
667790;"suat serdar"
208208;"suleyman koc"
30905;"sulley ali muntari"
280276;"suso"
37374;"sven bender"
40521;"sven kums"
38628;"sven neuhaus"
94885;"sven schipplock"
94841;"sven ulreich"
213873;"sverrir ingi ingason"
30457;"sylvain armand"
24216;"sylvain distin"
33122;"sylvain marchal"
41191;"sylvain marveaux"
39045;"szabolcs huszti"
97762;"takashi inui"
166653;"takashi usami"
39271;"takayuki morimoto"
36132;"tamas hajnal"
484906;"tana"
27866;"tarik elyounoussi"
25541;"taye taiwo"
609841;"taylor moore"
210138;"teddy mezague"
26359;"teddy richert"
66578;"teemu pukki"
466132;"theo bongonda"
512723;"theo pellenard"
31013;"theo walcott"
107588;"theodor gebre selassie"
38601;"theofanis gekas"
172949;"thiago alcantara"
151050;"thiago cionek"
26852;"thiago motta"
155056;"thiago ribeiro"
80562;"thiago silva"
19297;"thiago xavier"
41364;"thibault giresse"
170323;"thibaut courtois"
304022;"thibaut vion"
46535;"thierry debes"
132809;"thierry doubai"
254702;"thievy bifouma"
93994;"thomas ayasse"
279178;"thomas guerbert"
179791;"thomas heurtaux"
30628;"thomas hitzlsperger"
212714;"thomas ince"
26113;"thomas kahlenberg"
27255;"thomas kessler"
38167;"thomas kleine"
36878;"thomas kraft"
468931;"thomas lemar"
41869;"thomas manfredini"
41098;"thomas mangani"
277771;"thomas meunier"
355362;"thomas pledl"
598091;"thomas robson"
23794;"thomas sorensen"
512740;"thomas toure"
26005;"thomas vermaelen"
277348;"thomas vincensini"
36007;"thorben marx"
264190;"thorgan hazard"
36479;"thorsten kirschbaum"
280977;"tiago ilori"
40951;"tiago pinto"
30871;"tiago"
40937;"tiago"
42579;"tiberio guarente"
478393;"tiemoue bakayoko"
30688;"tim borowski"
27302;"tim hoogland"
31465;"tim howard"
24229;"tim krul"
72707;"tim matavz"
27313;"tim wiese"
178206;"timm klose"
26440;"timmy simons"
514301;"timo baumgartl"
97752;"timo gebhart"
30703;"timo hildebrand"
212815;"timo horn"
352392;"timo letschert"
141115;"timo perthel"
450980;"timo werner"
408986;"timon wellenreuther"
158234;"timothy chandler"
427062;"tin jedvaj"
134236;"tino costa"
183449;"tito"
141114;"tobias kempe"
36380;"tobias levels"
536579;"tobias pachonik"
37678;"tobias sippel"
303914;"tobias strobl"
36775;"tobias weis"
26982;"tobias werner"
160599;"toby alderweireld"
41268;"toche"
33433;"toifilou maoulida"
212881;"tolga cigerci"
178781;"tolgay arslan"
160713;"tom cleverley"
742405;"tom davies"
24155;"tom heaton"
24656;"tom huddlestone"
494435;"tom lawrence"
33473;"tom starke"
243828;"tom trybull"
201934;"tomas kalas"
69835;"tomas micola"
150292;"tomas pekhart"
193978;"tomas pina"
52243;"tomas rincon"
31435;"tomas rosicky"
34225;"tomasz kupisz"
9128;"tomislav dujmovic"
298243;"tommaso arrigoni"
39769;"tommaso berni"
25598;"tommaso rocchi"
45204;"tommer hemed"
24625;"tommy elphick"
96539;"tomoaki makino"
166020;"tongo hamed doumbia"
95078;"toni kroos"
143442;"toni sunjic"
280890;"toni"
184091;"tono"
37579;"tono"
24023;"tony hibbert"
114025;"tony jantschke"
38182;"torsten oehrl"
30937;"tranquillo barnetta"
145066;"tripy makonda"
72436;"troy deeney"
26130;"tulio de melo"
102301;"tunay torun"
150824;"txema anibarro"
419196;"tyias browning"
501040;"tyler blackett"
204169;"uffe bech"
520979;"ulisses garcia"
590494;"umar sadiq"
33080;"umut bulut"
571623;"unai bustinza"
451941;"unai garcia"
571615;"unai lopez"
30603;"urby emanuelson"
184770;"uros cosic"
435214;"uros spajic"
33027;"ustaritz"
158257;"vaclav kadlec"
207542;"vaclav pilar"
28284;"vadim demidov"
40819;"vagner love"
71563;"valdet rama"
33872;"valdo"
563068;"valentin belon"
237631;"valentin eysseric"
562694;"valentin lavigne"
150833;"valentin roberge"
562719;"valentin rongier"
91984;"valentin stocker"
562688;"valentin vada"
239259;"valere germain"
24499;"valeri bojinov"
41962;"valerio di cesare"
282438;"valerio verre"
501569;"valmir sulejmani"
30966;"valon behrami"
36121;"valter birsa"
39440;"vangelis moras"
445907;"varela"
163918;"vasco regini"
36084;"vedad ibisevic"
46403;"vedran corluka"
38469;"verza"
213916;"vicente gomez"
109222;"vicente guaita"
111237;"vicente iborra"
52004;"victor alvarez"
25666;"victor anichebe"
513086;"victor camarasa"
26014;"victor hugo montano"
172644;"victor ibarbo"
183101;"victor laguardia"
106228;"victor moses"
24450;"victor obinna"
183346;"victor perez"
182921;"victor ruiz"
32657;"victor valdes"
166676;"victor wanyama"
658786;"victorien angban"
181911;"vid belec"
40193;"vieirinha"
266526;"viktor fischer"
202443;"vincent aboubakar"
94307;"vincent bessat"
25540;"vincent enyeama"
467022;"vincent janssen"
39027;"vincent kompany"
574633;"vincent koziello"
299370;"vincent laurini"
188467;"vincent le goff"
148828;"vincent manceau"
94545;"vincent muratori"
94325;"vincent nogueira"
210390;"vincent pajot"
49541;"vincenzo fiorillo"
400625;"vincenzo grifo"
30712;"vincenzo iaquinta"
114746;"vincenzo rennella"
450005;"vinicius araujo"
209405;"virgil van dijk"
37233;"vito mannone"
213805;"vitolo"
177837;"vlad chiriches"
42478;"vlada avramov"
196311;"vladimir darida"
163199;"vladimir weiss"
261653;"vladlen yurchenko"
157289;"vujadin savic"
109652;"vurnon anita"
166019;"wahbi khazri"
664970;"waldemar anton"
179828;"walid mesloub"
109332;"wallace"
267369;"wallace"
450002;"wallace"
500939;"wallyson mallmann"
41534;"walter bressan"
56585;"walter gargano"
23853;"walter pandiani"
30492;"walter samuel"
389202;"wanderson"
36283;"wayne hennessey"
30829;"wayne rooney"
38831;"wayne routledge"
41707;"weligton"
109616;"wellington"
121957;"wellington"
487867;"wendell"
30362;"wes brown"
23571;"wes morgan"
465628;"wesley hoedt"
210451;"wesley lautoa"
445856;"wesley said"
30878;"wesley sneijder"
114364;"wesley"
25617;"wesley"
143365;"wilfried bony"
109065;"wilfried moimbe"
198510;"wilfried zaha"
291131;"wilfried zahibo"
114218;"william buckley"
26782;"william kvist"
129393;"william matheus"
157560;"william remy"
71466;"william vainqueur"
179083;"willian jose"
94086;"willian"
56600;"willians"
246331;"willy boly"
267992;"wilson kamavuaka"
97988;"wilson palacios"
35110;"winston reid"
210184;"wissam ben yedder"
169718;"wojciech szczesny"
40992;"wolfgang hesl"
423058;"wylan cyprien"
30889;"xabi alonso"
449484;"xabi irureta"
159881;"xabier etxeita"
26409;"xavier pentecote"
176300;"xherdan shaqiri"
260659;"ximo navarro"
37845;"xisco"
26388;"yacine abdessadki"
562697;"yacine bammou"
179795;"yacine brahimi"
179793;"yacouba sylla"
563069;"yann bodiger"
5610;"yann jouffre"
46470;"yann kermorgant"
41618;"yann sommer"
160194;"yannick bolasie"
46243;"yannick cahuzac"
450976;"yannick gerhardt"
148832;"yannick sagbo"
168342;"yannis salibur"
42304;"yassin mikari"
319822;"yassine benzia"
179517;"yassine jebbour"
644001;"yaw yeboah"
300045;"yaya banana"
192921;"yaya sanogo"
36615;"yaya toure"
288783;"yeltsin tejeda"
510569;"yoan cardinale"
31292;"yoan gouffran"
160222;"yoann andreu"
33440;"yoann bigne"
210452;"yoann court"
33744;"yoann gourcuff"
277341;"yoann touzghar"
94326;"yohan benalouane"
26160;"yohan cabaye"
157859;"yohan mollo"
108461;"yohandry orozco"
11332;"yohann eudeline"
26126;"yohann pele"
147959;"yoric ravet"
459499;"yoshinori muto"
179511;"younes belhanda"
493467;"younes kaabouni"
26108;"younes kaboul"
103869;"younousse sankhare"
46261;"youssef adnane"
25538;"youssouf hadji"
467689;"youssouf sabaly"
71502;"youssuf mulumbu"
278863;"yunus malli"
98254;"yuto nagatomo"
166449;"yuya osako"
210682;"zacharie boucher"
432463;"zakaria bakkali"
208688;"zakaria diallo"
238786;"zakarya bergdich"
473857;"zana allee"
143750;"zargo toure"
33823;"zdenek pospech"
25772;"zdravko kuzmanovic"
34104;"ze castro"
128047;"ze eduardo"
185867;"ze eduardo"
157284;"zeljko brkic"
169594;"zie diabate"
642618;"zinedine machach"
246332;"ziri hammar"
35724;"zlatan ibrahimovic"
42860;"zlatko junuzovic"
24737;"zoltan gera"
107281;"zoltan stieber"
192132;"zouhaier dhaouadhi"
282473;"zouhair feddal"
26357;"zoumana camara"
